,1,2,3,4
state_AK,-2.5408412730675325,1.0528782505544865,0.5638844886493882,0.9240785338636808
state_AL,2.626324388579675,-1.0242645336035108,-0.8142597686347363,-0.7878000863416826
state_AR,0.0297879708139035,-0.1893150319272148,-0.0100641969602574,0.1695912580736469
state_AZ,-3.55798463708698,0.815753324933367,1.5247726511940574,1.2174586609592508
state_CA,-0.0167081126914462,0.0475755414931534,0.212202672082436,-0.2430701008830888
state_CO,2.281476021481617,-0.9596074031194504,-0.5701842549061079,-0.7516843634563302
state_CT,-2.564204206297544,0.9297703904847844,1.036671457949925,0.5977623578619796
state_DC,-1.5488368857751285,0.8580087278542072,0.2072525967920682,0.483575561128823
state_DE,-1.5895970545808218,0.8070627669694513,0.3999650930243049,0.3825691945870619
state_FL,1.4488238090158114,-0.6391834928925731,-0.1768958190288204,-0.6327444970968473
state_GA,1.495047273584433,-0.6761864216771356,-0.308730257218331,-0.5101305946893416
state_GU,-0.0212908682491747,0.2816020058796324,-0.996627398400888,0.7363162607704306
state_HI,-1.990013101320076,1.453199959199263,0.0078027056781417,0.5290104364426454
state_IA,1.876685807245569,-0.8709101561729986,-0.4527745105824467,-0.5530011404901622
state_ID,1.9003860437540407,-0.7475543055849745,-0.4326578847567962,-0.7201738534117397
state_IL,3.533228996751191,-1.096021466633777,-1.079810268520153,-1.3573972615958991
state_IN,3.164437478164917,-1.4351354524433897,-0.7784020379993641,-0.9508999877216512
state_KS,2.1339777245508094,-0.845089011949461,-0.6644704388462402,-0.6244182737549796
state_KY,0.3517349436352094,-0.2683119071640177,-0.0961372479229135,0.012714211451291
state_LA,3.862707326616754,-1.3267029173822642,-1.3812626809828772,-1.1547417282514736
state_MA,1.127480172435346,0.2749443094414704,-0.9277601611007348,-0.4746643207761136
state_MD,-3.741038288375904,1.5076643632900693,1.0999016006844655,1.1334723244013294
state_ME,-4.607377147462565,1.3011506066548768,1.955342000494924,1.3508845403127183
state_MI,2.583501170547379,-1.0792061396391102,-0.6824624234662873,-0.8218326074416061
state_MN,1.7407403170566538,-0.506357952154548,-0.6837039958434723,-0.5506783690586352
state_MO,-4.681718703245645,1.3217159557210911,1.717913632280544,1.6420891152432662
state_MP,-0.0085218031190486,0.644691355055001,-0.563156909705727,-0.0730126422302251
state_MS,0.9213880821617444,-0.2026209787342345,-0.4693093570021551,-0.2494577464251596
state_MT,-1.615950447548519,0.4489769113134502,0.5548456078125047,0.612127928422577
state_NC,1.798343823747569,-0.8332274819708971,-0.3140065628525317,-0.6511097789254697
state_ND,-1.036126421495029,-0.1084686325314391,0.4166910258404145,0.7279040281860693
state_NE,-1.5953561234506437,0.4658695405079472,0.5082568821758108,0.6212297007668305
state_NH,-1.881980308135446,0.5758001484250053,0.6706737887116768,0.6355063709987475
state_NJ,1.2313473791263003,-0.35002437078626,-0.3237420462627002,-0.5575809620769971
state_NM,-1.5145069211931204,0.2514866739543091,0.6522862632914594,0.610733983947377
state_NV,-3.6070807790674126,0.8530196215342818,1.5736213369018417,1.1804398206311115
state_NY,1.6359490023163237,0.0607304640372966,-1.233717421106954,-0.4629620452444279
state_OH,1.8838428232365971,-0.6488884240818715,-0.7607617769334931,-0.4741926222212588
state_OK,-1.822656348165245,0.4009442299468969,0.8194279153662803,0.6022842028520683
state_OR,-3.808856464943403,1.451990807407301,1.270012613526169,1.0868530440099482
state_PA,0.6894660587219436,-0.2809970753472094,-0.1547468633516634,-0.2537221200243573
state_PR,-0.9995892428907264,1.070224448225586,0.082382615201814,-0.1530178205366919
state_RI,-1.200102399994941,0.9545105109140528,-0.037950287671942,0.2835421767528265
state_SC,1.2369523332739187,-0.4603633361417509,-0.362524196838987,-0.4140648002933327
state_SD,-0.6115441588753765,-0.1478497812231495,0.3466295072946105,0.4127644328039134
state_TN,4.172818217405681,-1.3432555635641004,-1.3862426041418288,-1.4433200496991394
state_TX,2.058958164844772,-0.8464354603023151,-0.3492591047176344,-0.8632635998272431
state_UT,5.8060090439786585,-2.366958818882104,-1.668257551134292,-1.7707926739618067
state_VA,3.639718429842968,-1.218396160621841,-1.1744713802997058,-1.246850888922148
state_VI,-0.7680647540649521,0.033059799878979,0.5643676731048842,0.170637281081088
state_VT,-1.473044429322327,0.44322352934528,0.6414989079076237,0.3883219920693756
state_WA,-4.112897928844305,1.5202088630256918,1.382269708081477,1.2104193577368834
state_WI,0.9681137252646116,-0.3923568281282835,-0.346299637932141,-0.2294572592045845
state_WV,-1.7021053985541603,0.5294520094005383,0.4300358531100149,0.7426175360436384
state_WY,-1.5812528042247442,0.508174150249393,0.5619406091893823,0.5111380447859937
naics_code_111110,-0.2288241496622647,-0.1461158224714424,-0.1384094840925669,0.5133494562262741
naics_code_111150,-0.1503477522340005,0.210285609663364,-0.163483284237225,0.1035454268078615
naics_code_111160,-0.0116459297380918,-1.312557942905828,0.2780063118135537,1.0461975608303664
naics_code_111191,-0.0567431843623984,-0.3750112274979968,0.5158614028951767,-0.0841069910347815
naics_code_111211,-0.7718208347521549,0.067642139883554,0.5086146137680186,0.1955640811005846
naics_code_111219,-0.4686267740273078,0.6203206155109527,0.0914429019026574,-0.2431367433863287
naics_code_111310,-0.1109413364602819,-0.1278201213671487,-0.7073282260469085,0.9460896838743386
naics_code_111320,-0.0131803024037225,0.401368337951792,0.3728592217317734,-0.7610472572798432
naics_code_111331,-0.1420974489217797,0.1526757913614496,0.2549610514442011,-0.2655393938838687
naics_code_111332,-1.6900973484407162,0.4820301245076145,0.4692220283728087,0.7388451955602923
naics_code_111333,-0.1623088901032736,0.1780744201860264,0.0519002594308833,-0.0676657895136353
naics_code_111334,4.594627575231256,-1.6760727556780934,-1.6594025734246758,-1.259152246128421
naics_code_111335,-0.0205428881484172,-0.0347641888884278,-0.5117200706637965,0.5670271477006422
naics_code_111336,-0.203657424575971,0.5086029353522508,-0.3507190327996751,0.0457735220233971
naics_code_111339,5.509097975917395,-2.114562209495804,-1.3368426845634631,-2.057693081858213
naics_code_111411,-0.1164069400206106,-0.3277853049960586,0.8589361967795596,-0.4147439517628906
naics_code_111419,-0.9369898333067442,0.1805223118472614,0.5898392243916794,0.1666282970678007
naics_code_111421,-0.598095996181222,-0.0326278394332765,0.4256651177406429,0.2050587178738603
naics_code_111422,-0.7121576754973882,-0.2399277731817995,0.1809372327560908,0.7711482159230991
naics_code_111910,-0.0078536363868375,0.4123501674210954,-0.2183177174262327,-0.1861788136080251
naics_code_111920,-2.150440420371849e-05,0.2441904939684983,-0.1986740634623671,-0.0454949261019274
naics_code_111940,-4.01063104256752e-06,-0.3431714506332796,-0.3373009432646401,0.6804764045289622
naics_code_111998,7.711348211532455,-2.612310940591599,-2.143895029541826,-2.9551422413990056
naics_code_112111,-0.0650967134344689,0.0604470938003326,-0.0631113965822695,0.0677610162164064
naics_code_112112,-0.0147820629178182,-0.3251089982096559,0.6091928782960475,-0.2693018171685742
naics_code_112120,-1.2206963968832878,0.4490612158294568,0.0827061568253233,0.6889290242285103
naics_code_112130,1.0416039088997146e-11,0.3978184193581682,-0.2138720288644443,-0.1839463905041399
naics_code_112210,-0.7811241809436813,0.1971309860877454,0.4402468389699541,0.1437463558859807
naics_code_112310,-0.7583607919328752,-0.0928203038853705,0.4683624962923247,0.3828185995259122
naics_code_112320,-0.5175843872426115,0.6553724603672518,-0.0907992618290501,-0.0469888112955903
naics_code_112330,-0.0014030541282632,-0.9018578745396602,0.6441214925852828,0.2591394360826412
naics_code_112340,-0.6975494237493676,0.5710289713206973,0.3543683627771966,-0.2278479103485269
naics_code_112511,-8.50810066069844e-06,-0.325442535656951,-0.251116165056237,0.576567208813849
naics_code_112910,-0.0116812107734609,-0.2267421898294402,-0.4095534773926749,0.6479768779955761
naics_code_112920,-0.018982573802227,-0.3853138761025674,0.5053450910377881,-0.1010486411329945
naics_code_112990,-0.0286910113404417,-0.2336828739077821,0.0239528632191374,0.2384210220290868
naics_code_113110,-0.0013519137251041,0.2153905198839718,-0.4010837821547626,0.1870451759958949
naics_code_113310,8.968682137294993,-2.5829055099944984,-3.3276819726899487,-3.0580946546105783
naics_code_114111,-1.3448466270358607e-05,-0.0217585385183499,-0.8719568139660552,0.893728800950676
naics_code_114112,-0.0008178180058331,0.4633784508121416,-0.3377873114370623,-0.1247733213692462
naics_code_114210,-0.0011212903749394,0.6678303256847933,-0.3566078966377508,-0.3101011386721031
naics_code_115111,-0.0433439116091152,0.234210347242475,-0.805668173566157,0.6148017379327972
naics_code_115112,-0.4180552391049901,0.1713807017193103,0.3396001088047747,-0.0929255714191029
naics_code_115113,-0.0478564717618281,-0.043132762484344,0.589443155155312,-0.4984539209091394
naics_code_115114,-1.7256152966284026,0.3223986249829575,0.8679120478120547,0.5353046238333822
naics_code_115115,-1.4517333987448704,0.4806319735515127,0.2134049239886139,0.7576965012047463
naics_code_115116,-0.6766008368308406,-0.3040913922543379,1.105720868865465,-0.1250286397802856
naics_code_115210,-0.4874616506278212,0.0977831285283265,-0.1086393709773473,0.498317893076841
naics_code_115310,-1.1339584001146703,0.5014784967941478,-0.087602710087486,0.72008261340801
naics_code_211111,-0.0017989356521702,-0.1043733615049839,-7.344391153103304e-05,0.1062457410686854
naics_code_212321,-6.363174100344931e-08,0.3575534799098326,-0.2148039258825261,-0.1427494903955654
naics_code_213112,-0.0027269218896099,-0.0853258485612614,0.1287170403847206,-0.0406642699338493
naics_code_221111,-6.7449753455898044e-09,0.1114930419948147,-0.2100790459878717,0.0985860107380323
naics_code_221112,-0.0314707783242147,0.3936198272967415,0.4280830866099663,-0.7902321355824932
naics_code_221114,-0.0001581755780048,0.3166856956900083,-0.6887023724569555,0.3721748523449524
naics_code_221118,-4.2600758784884056e-08,-0.0267145139635326,0.0967968091261876,-0.0700822525618965
naics_code_221121,-4.4830908122879686e-05,0.2019526580912783,-0.2288292028925151,0.0269213757093597
naics_code_221122,-0.1035406782594638,0.4464354508944221,-0.2790826222756809,-0.0638121503592806
naics_code_221210,-0.0726954947949149,0.3912970003402059,-0.3138881610465323,-0.0047133444987587
naics_code_221300,-8.194135393625886e-05,-0.455680643293369,0.2559629582105481,0.199799626436757
naics_code_221310,-0.3215319356709608,0.3491442779176244,0.1460482372528286,-0.1736605794994896
naics_code_221320,-1.0211923141342942,0.478507787550598,0.5441326489573814,-0.0014481223736921
naics_code_221330,-0.0056845183769766,-0.0660216739304838,0.5205641200583079,-0.4488579277508481
naics_code_236115,-0.0046650737821182,-0.0919266310285855,-0.1221322992985451,0.2187240041092502
naics_code_236116,-4.632566088489456e-05,-0.3734208368424744,-0.0881457197516022,0.4616128822549614
naics_code_236118,-1.1535434502738131e-05,0.1556926382154881,-0.2943014191226437,0.1386203163416582
naics_code_236210,-0.343304468764943,-0.6042863985573833,0.8412020281433348,0.1063888391789914
naics_code_236220,-1.2890346349688817,-0.1731945558847204,0.6791744780114874,0.7830547128421133
naics_code_237110,-0.0237189986789931,-0.2455984416439239,0.0798136854033592,0.1895037549195577
naics_code_237130,-0.0003449511485404,-0.5246444358215844,-0.431731411092763,0.9567207980628876
naics_code_237310,5.364104033134138,-1.7893911955092312,-1.7142875668861173,-1.860425270738576
naics_code_237990,-0.0949901106326055,-0.425874772852331,0.3662983661353167,0.1545665173496185
naics_code_238110,5.140589419068744,-1.5539898708337565,-1.6543517527098022,-1.932247795525275
naics_code_238120,-1.138510584328128,0.4602694483076643,0.2425083798539325,0.4357327561665324
naics_code_238130,5.319485146594813,-1.9244802139211044,-1.7959797139198057,-1.5990252187539966
naics_code_238140,1.8732239328735936,-0.7101205450039625,-0.5691317807987978,-0.5939716070709007
naics_code_238150,-0.1867003600912329,0.2431439910966621,-0.2181263589045683,0.1616827278991362
naics_code_238160,-1.3353409005246053,0.4460560059390248,0.3381749336669383,0.551109960918686
naics_code_238170,-0.008606110981934,1.0286093947876025,-0.7365284330048011,-0.2834748508008671
naics_code_238190,-1.2774525893500028,-0.2245528144848406,0.5287423730729356,0.973263030761908
naics_code_238210,-1.358964381080319,0.4429563134255563,0.6210497995781905,0.2949582680765728
naics_code_238220,-0.2705900087504451,-0.4849397341164,0.0398200639212702,0.7157096789455782
naics_code_238290,-0.1647736947235036,0.1634843702721707,0.103248902360666,-0.1019595779093329
naics_code_238310,9.557506734958825,-3.1941934638354867,-3.350608101348682,-3.0127051697746885
naics_code_238320,-0.0016872144892489,0.4130813530986552,-0.4459036575281431,0.0345095189187365
naics_code_238340,-0.0030989505650594,0.62133150112121,-0.2527948361632747,-0.3654377143928756
naics_code_238350,-0.0018957501688497,1.3012828669881094,-0.6258872335365477,-0.6734998832827118
naics_code_238390,-0.0037106742167918,0.8703063363302178,-0.2495975271053916,-0.6169981350080344
naics_code_238910,-3.620166056965978e-05,-0.3859467430485457,-0.2213989173989743,0.6073818621080896
naics_code_238990,-0.0017281452672292,-0.183876815920208,0.1127034452904157,0.0729015158970213
naics_code_311111,-0.1659611514270767,0.0165223368632298,0.3195438074655758,-0.1701049929017227
naics_code_311119,6.129939781979479,-2.2846173203597835,-1.8496744832554384,-1.9956479783642036
naics_code_311211,-1.474462658231935e-07,-0.423196934978651,0.2670047863786378,0.156192296046279
naics_code_311212,-0.003656106181539,-0.0832623711739581,0.5255717057805811,-0.438653228425083
naics_code_311213,-0.0034079266300895,0.7465856396677845,-0.2937383070305672,-0.4494394060071278
naics_code_311221,-2.1500997614257907e-05,-0.2413635587670309,-0.405072906764423,0.6464579665290683
naics_code_311224,-5.580436497135791e-10,0.5692831411152693,-0.2572318389294855,-0.3120513016277401
naics_code_311230,-0.1074812893118792,-0.7212302431011759,0.6431858618831532,0.1855256705299013
naics_code_311313,5.179737647255302,-1.6130106908895538,-1.7247885449612337,-1.8419384114043849
naics_code_311314,-0.0035456380185658,0.2731957455776715,-0.1716037541659991,-0.0980463533931075
naics_code_311340,-0.6221542689944173,-0.0502863425910463,0.9182756665330836,-0.2458350549476279
naics_code_311351,-0.0983660107724559,-0.0624454674233179,0.8502443503362319,-0.6894328721404582
naics_code_311352,-0.8398571189141134,-0.00230585295641,0.6503731436915678,0.1917898281789529
naics_code_311411,-0.9858427115643652,0.4383287211743257,0.5533261694142886,-0.0058121790242381
naics_code_311412,-1.519068683833292,0.544565349473945,0.7816448337561797,0.1928585006031598
naics_code_311421,-1.198396535604079,0.4009405034312814,0.5114162402053111,0.2860397919674979
naics_code_311422,-0.4231822275338646,0.3668638343736185,0.1494532213188843,-0.0931348281586401
naics_code_311423,-0.9126638513627864,0.2588233594010746,0.7106320943279753,-0.056791602366267
naics_code_311511,-1.7145125345884884,0.7844566516637111,0.97512525664204,-0.0450693737172694
naics_code_311512,-0.4299243009354402,0.2873571830244305,0.1115210365746236,0.0310460813363863
naics_code_311513,-0.9059775182637492,0.3800504950712923,0.603603673991911,-0.0776766507994464
naics_code_311514,-0.288141288934414,0.3948228995016536,0.3807376576768354,-0.487419268244077
naics_code_311520,-0.9129863520538744,0.4014422556415289,0.775414090666009,-0.2638699942536578
naics_code_311611,-2.2403236825766646,0.3022163782756865,1.4828646316292706,0.4552426726717747
naics_code_311612,-1.484553740535226,0.475977733025872,1.0038673615697855,0.0047086459396054
naics_code_311613,-1.4877740759330984,0.285054022020972,0.9667932167882812,0.2359268371238534
naics_code_311615,2.3337095943517525,-1.001404423435789,-0.3795837933817687,-0.952721377534098
naics_code_311710,5.465203449419401,-1.7549475802597294,-1.6367580422189112,-2.073497826940454
naics_code_311811,-0.3593362635081014,-0.4974721811528023,0.8614637049579652,-0.0046552602970606
naics_code_311812,-2.6596193284733167,0.8588219253123125,1.3528187397760787,0.4479786633849342
naics_code_311813,-0.8721187781598831,0.454073035414516,0.9775336083069164,-0.5594878655615478
naics_code_311821,5.980185307219741,-1.889394581332826,-1.9200347937391136,-2.1707559321478533
naics_code_311824,-1.4813563345469245,0.3898474735943609,1.2881867693281157,-0.1966779083755522
naics_code_311830,-0.3837452427677121,-0.1044743537475598,1.0123729210426446,-0.5241533245273752
naics_code_311911,-0.4987707333772651,0.2799640813233862,0.4050347982720854,-0.1862281462182088
naics_code_311919,-0.7112883270204925,0.1461409032174384,0.6489668454047182,-0.0838194216016771
naics_code_311920,-0.4841727503801931,0.3547307758808177,-0.2882929557459178,0.4177349302452913
naics_code_311930,-0.5421120452259299,0.2859815362361432,0.642222902604539,-0.3860923936147508
naics_code_311941,-0.0706120807790528,0.1589817120352866,0.3944394530501973,-0.4828090843064274
naics_code_311942,-0.5368909337585165,0.2662322047211431,0.5211347165605328,-0.2504759875231654
naics_code_311991,-1.781526023004279,0.7243573214731966,0.7566656636035044,0.3005030379275737
naics_code_311999,-1.6439328688845949,0.6664960405208111,0.5900210876558661,0.3874157407079274
naics_code_312111,-1.5804588940268705,0.488934297430716,1.1518626880524203,-0.0603380914565393
naics_code_312112,-1.022226772946503,0.0027821797456514,0.881667395675279,0.1377771975255699
naics_code_312113,-0.0055106118232889,0.4420426153383218,-0.1025627255084351,-0.3339692780065982
naics_code_312120,-0.4671139860610979,0.2200396487515461,0.2484517386304914,-0.0013774013209438
naics_code_312130,-0.087509759537916,0.2147719107866686,0.1236504587779478,-0.2509126100266989
naics_code_312140,-0.170881111436248,0.2115338065141407,0.1379856330083163,-0.1786383280862076
naics_code_313110,-2.761495582010313e-07,-0.5649526665591388,0.7214624824695283,-0.1565095397608309
naics_code_314110,-0.0615607911411567,0.3058749956594976,-0.1153376167876095,-0.1289765877307321
naics_code_314120,-0.0016672853364186,-0.1174767720213571,0.1574826130585344,-0.0383385557007589
naics_code_314994,-6.038025777286875e-08,-0.141710465165092,0.8652184302305991,-0.7235079046852492
naics_code_315210,-0.0001218396643927,0.1810347761347834,-0.6675821400270738,0.4866692035566832
naics_code_315990,-0.0218303598091684,-0.0892425792997879,-0.3209034667355446,0.4319764058445012
naics_code_316110,-0.3281842537485646,0.3936668299073543,0.5432289504832357,-0.6087115266420253
naics_code_316210,-0.0200434612124224,0.3910303763355622,-0.5364418898972562,0.1654549747741173
naics_code_321113,7.602341385314378,-2.642571122524332,-2.545270527252536,-2.4144997355375404
naics_code_321114,-0.1602416078094323,-0.0552090532455122,-0.5284905356901154,0.7439411967450621
naics_code_321211,-0.189801830979111,0.0930211198451621,-0.4751598365954575,0.5719405477294026
naics_code_321212,-1.001734184818522,0.3396724135506525,0.4911416919969852,0.1709200792708808
naics_code_321213,-0.0970322325432745,-0.4810550594294836,0.3691517630489256,0.2089355289238324
naics_code_321214,-0.5177553210483216,0.2891161624489504,0.1039247456609621,0.1247144129384005
naics_code_321215,-0.1216948537127724,0.0149456996156224,-0.5710860000258138,0.6778351541229658
naics_code_321219,-0.1488663249484229,0.1645042903819395,0.0324664388551109,-0.0481044042886266
naics_code_321911,-0.7924806676334201,0.208613143391337,0.236560563842765,0.3473069603993273
naics_code_321912,-0.097176501407167,0.0649405423731611,-0.0435722105176557,0.0758081695516615
naics_code_321918,-0.3591903213744998,-0.0295283313207607,0.3494660246501631,0.0392526280450933
naics_code_321920,5.004901437486316,-1.6084094349183782,-1.585198732486227,-1.811293270081538
naics_code_321991,-0.7193860605070199,-0.1858369546091359,0.5762256029551667,0.3289974121609626
naics_code_321992,-0.3555959154779994,-0.3564602361925141,0.6798106364844482,0.0322455151860644
naics_code_321999,5.768414284692626,-2.1693136849375665,-1.4756348018323973,-2.1234657979224982
naics_code_322121,-0.0055409677058063,0.0643134705183165,-0.7587872345981899,0.7000147317856799
naics_code_322130,-0.0661865722182537,0.3931310812533354,0.0755383272446748,-0.4024828362797568
naics_code_322211,-1.029549230820958,0.0123287138476662,0.5803747457179009,0.4368457712553902
naics_code_322212,-0.1864255063438597,-0.5081751702393301,0.7743761104984358,-0.0797754339152462
naics_code_322220,-0.2516494235398025,0.5309089409361023,-0.0449731742715763,-0.2342863431247233
naics_code_322291,-0.0012595752116931,-0.2775937018939039,-0.282919815164911,0.5617730922705082
naics_code_322299,-1.1055143963741647e-05,0.2710842524331718,-0.1250674179267517,-0.1460057793624562
naics_code_323111,-0.0367596312621759,0.1798606649379619,0.4900003941377648,-0.6331014278135497
naics_code_323113,-0.0027399919042409,-0.0722349630537169,-0.5823203011785112,0.6572952561364692
naics_code_323117,-0.0021532303702425,-0.3237439728424668,0.5206798613954715,-0.1947826581827617
naics_code_324110,-0.0539055991383682,0.3072604213551134,-0.6217879716715466,0.3684331494548011
naics_code_324122,-5.283173213154753e-10,0.2108483891218475,0.1560089773154527,-0.3668573659089829
naics_code_324191,-1.943635080423653e-06,-0.1716076114507826,0.0504849682889374,0.1211245867969256
naics_code_325180,-0.0001214620998251,0.6708666522767358,-0.1330401369373389,-0.5377050532395723
naics_code_325193,-2.682378414041825e-06,-0.4689744327781643,0.0892376828662117,0.3797394322903668
naics_code_325199,-7.223944612354086e-05,0.7296342859904122,-0.3764833201188965,-0.3530787264253922
naics_code_325211,-0.0174979595942653,0.4328176060335894,-0.4951956661925376,0.0798760197532138
naics_code_325220,-0.0042651199068159,0.2478765045798005,-0.1965689460690443,-0.0470424386039404
naics_code_325312,-4.894975813140085e-05,-0.2769059783641009,-0.2054637096926549,0.4824186378148871
naics_code_325314,-0.0001636395193833,-0.1903984922686976,-0.1908639915118368,0.3814261232999178
naics_code_325411,-0.078408610056991,0.4564148504493811,-0.0438626225904272,-0.3341436178019631
naics_code_325412,-0.0817077660037769,-0.4359005238414643,0.6871570184587515,-0.1695487286135093
naics_code_325413,-0.0013947137652701,-0.1408737643366999,0.3991430332224194,-0.256874555120449
naics_code_325414,-5.700577845246246e-05,0.4098830379432098,0.241437977662492,-0.6512640098272491
naics_code_325510,-1.571811855283464e-05,-0.3237419056113964,0.5993850158405838,-0.2756273921106347
naics_code_325612,-2.328716843424905e-09,-0.1226440547595013,-0.0969827512654238,0.2196268083536421
naics_code_325620,-7.987748243568963e-06,-0.5894133116779765,0.2214452000832201,0.3679760993429999
naics_code_325992,-0.0329571996529961,-0.2530820191315098,0.5383104943365312,-0.2522712755520249
naics_code_325998,-0.0073618388933249,0.6785151864180632,-0.3007649338764235,-0.3703884136483141
naics_code_326100,-0.0184666520555756,-0.6438395133326942,0.7577364896805066,-0.0954303242922363
naics_code_326111,-1.1881468769245014,0.287199954376041,0.6311097459751752,0.2698371765732874
naics_code_326112,-1.476705802617752,0.7864462498692394,0.5062294965934112,0.1840300561551008
naics_code_326113,-0.5304722975980662,0.1365098066645753,0.6436472486523889,-0.2496847577188924
naics_code_326121,-0.30711415847169,0.1739938152551888,0.1467732496732405,-0.0136529064567405
naics_code_326122,-0.7948280526276211,0.3038361330396629,0.455844775948703,0.0351471436392557
naics_code_326130,-0.1421344353320249,-0.0889731420710822,0.089536678605868,0.141570898797242
naics_code_326140,-0.5331918307194833,0.1979914838062302,0.3943453947034095,-0.0591450477901544
naics_code_326150,-0.8376850938794765,0.2802669318808271,0.5657041374410607,-0.0082859754424152
naics_code_326160,-0.1218181051908771,0.1451691460246213,-0.0279501676119405,0.004599126778196
naics_code_326191,-0.0260508306857459,0.2030145078224364,-0.1016258318199326,-0.0753378453167539
naics_code_326199,-1.3327736226758613,0.4951951429608464,0.5615711986186135,0.2760072810964911
naics_code_326211,-0.1592220326484633,-0.1298207713727817,0.5490364413200886,-0.259993637298747
naics_code_326212,-0.0006299606151688,0.505919555237504,0.1274465658254418,-0.6327361604477773
naics_code_326220,-1.3270139503181912,0.3822106536926646,0.8938270068079207,0.0509762898176061
naics_code_326291,-0.2178715445933447,-0.1715781120138247,0.4960645632154159,-0.1066149066082381
naics_code_326299,-0.2081208418852147,0.2139287041576508,0.2541829415021184,-0.2599908037745545
naics_code_327110,-0.0156173889832635,0.4375609883557886,0.4810360285868422,-0.9029796279593664
naics_code_327120,-1.1757859115488012,0.142633713641496,0.9451902236246996,0.0879619742826043
naics_code_327211,-0.3966422032683694,0.206797953504284,-0.0292038233948739,0.2190480731589573
naics_code_327212,-0.1757909455645955,0.3395700943698336,-0.4499293628784308,0.286150214073193
naics_code_327213,-0.4030586663987947,0.0613472267832083,0.4876373729221831,-0.1459259333065996
naics_code_327215,-0.8354822214920451,0.207745513265827,0.4679205455261827,0.1598161627000341
naics_code_327290,-0.001022687682947,-0.7509764268147651,0.3042549339087434,0.4477441805889691
naics_code_327310,-0.7930508974561234,-0.2585560708108595,0.7438408788990335,0.3077660893679495
naics_code_327320,-1.5002503519340404,0.7856786560349905,0.3428318635204544,0.3717398323785977
naics_code_327331,9.655045374984049,-3.407032768783847,-2.9670860182501846,-3.2809265879500558
naics_code_327332,-0.92715849098888,-0.0816827312160318,0.991017733105904,0.0178234890990065
naics_code_327390,6.0217912373509,-2.1321059850090283,-1.6834435202434106,-2.2062417320985728
naics_code_327420,-1.5037603367617069e-06,0.3400762057401719,-0.1730761878307482,-0.1669985141490868
naics_code_327910,9.420178451583634,-3.1925495494835827,-2.678957212900797,-3.548671689199274
naics_code_327991,-0.3352521133704767,0.2027213257568081,0.2917942258769586,-0.1592634382632879
naics_code_327992,-0.0080107274909474,-0.5727247282488566,-0.1712755866956725,0.7520110424354769
naics_code_327993,-0.11475604629182,0.254942960931679,0.2319807598878065,-0.3721676745276647
naics_code_327999,-0.0032604289587459,0.3533028458729028,-0.4636254806216757,0.1135830637075182
naics_code_331110,-0.4555570721153248,0.1986395768350907,0.2739165511918795,-0.0169990559116453
naics_code_331210,-1.4452939425129936,0.1343502299986739,0.7438672718174547,0.5670764406968586
naics_code_331221,-0.638028636982007,0.0376834110466589,0.1570172133938254,0.4433280125415215
naics_code_331222,-0.2639132328883293,0.3937688543722945,-0.3788016551601489,0.2489460336761811
naics_code_331313,-1.149811424087373e-08,-0.1346165316659754,0.3437715873463389,-0.209155044182249
naics_code_331314,-0.0285985545473323,0.3190117781033992,-0.2939363545047678,0.0035231309487005
naics_code_331410,-0.1931090421904205,0.44369700158378,-0.5439443814421635,0.2933564220488028
naics_code_331420,6.634771568712407,-1.9395323391032424,-2.1506520006701977,-2.544587228938858
naics_code_331491,-0.4084993005102443,-0.2325500599429044,0.4012057518050588,0.2398436086480956
naics_code_331492,-0.0717372564939,0.0584087484900379,-0.4875760874596038,0.5009045954634658
naics_code_331511,-1.6246852711257556,0.3065169077122782,0.8333440598504154,0.4848243035630727
naics_code_331512,-0.0253917618239675,-0.1568689889199405,0.5631953229236057,-0.380934572179699
naics_code_331513,-1.164492449126918,0.2489611759522509,0.4312613587622761,0.4842699144123895
naics_code_331523,-0.4292187483287602,-0.0852078209240421,0.3827153124021246,0.1317112568506886
naics_code_331524,-0.2061797094929798,-0.3605102690550702,0.3885581443108576,0.1781318342371774
naics_code_331529,-0.083870849217749,0.0018032007688516,-0.3435125446571669,0.425580193106062
naics_code_332111,-0.1053528580248182,-0.0862471788027848,0.3463685131864835,-0.1547684763588731
naics_code_332112,-0.004364769871675,-0.238542585698137,0.5149472950366463,-0.2720399394668332
naics_code_332114,-0.0376021323669687,-0.3603875952892647,0.5139891046205199,-0.1159993769642857
naics_code_332117,-0.0917047661585887,0.23946885154207,-0.3349046788558917,0.1871405934724119
naics_code_332119,-0.0681603907808114,-0.1492434606151554,0.2652145975447717,-0.047810746148802
naics_code_332215,-0.0005047015372612,0.9230231962371884,-0.1221121305623882,-0.8004063641375384
naics_code_332216,-3.9060216989244446e-05,0.3373319391653287,-0.1619492688364241,-0.1753436101119152
naics_code_332311,-1.4118313776394509,0.3219275711094201,0.4693413873785615,0.620562419151462
naics_code_332312,2.894991655338301,-1.0449002613888991,-1.041053874368824,-0.8090375195806946
naics_code_332313,-0.3452164078551468,0.0382732299253155,0.1109095554498916,0.1960336224799376
naics_code_332321,-0.8287531123042449,0.0469833552540753,0.4669887617857631,0.3147809952643992
naics_code_332322,-0.825210433557166,0.051186035449994,0.4460590312617322,0.3279653668454161
naics_code_332323,-0.0392059600498382,-0.2361236206143849,-0.0723025849008336,0.347632165565067
naics_code_332410,-0.4802110158576877,0.0364916972074125,0.4281243627952128,0.0155949558550577
naics_code_332420,-0.1944499537076119,-0.1556688272855074,0.0332250588360988,0.3168937221570239
naics_code_332431,-0.1096163987834023,0.3071033147504937,-0.1047242518374876,-0.0927626641296023
naics_code_332439,-0.1466000643244319,-0.1959179179191245,0.2211817436383094,0.121336238605251
naics_code_332510,-0.2334166239946196,-0.1692520944430717,0.5249733955687436,-0.1223046771310502
naics_code_332613,8.096682107181342,-2.741736470570372,-2.500128419773834,-2.85481721683722
naics_code_332618,-0.4182767967485175,0.0708397971937131,0.1838873915569866,0.1635496079978174
naics_code_332710,5.470505602654593,-1.866080572638695,-2.008444482061224,-1.5959805479545772
naics_code_332721,-1.039109193730552,0.2682420945797107,0.4704404822020384,0.3004266169487974
naics_code_332722,-0.2820827788363589,-0.0712127427754543,0.1860189559999742,0.1672765656118411
naics_code_332811,-0.3803841406508912,-0.0344977946620232,0.1827305536398878,0.2321513816730241
naics_code_332812,-0.8643882398134727,0.1734767123133615,0.3927649590096361,0.2981465684904732
naics_code_332813,-1.1228823356846516,0.3103332756218648,0.6890729364841571,0.1234761235786342
naics_code_332911,-3.0201244535481725e-07,0.3507136342553872,-0.139760745927712,-0.2109525863152299
naics_code_332912,-0.0076931491564097,-0.2219918031963518,0.5972001615996174,-0.3675152092468558
naics_code_332992,-0.2429247757122078,0.1908372961123665,-0.1044528001359784,0.156540279735821
naics_code_332993,-2.722786725233609e-06,-0.2112297629189067,-0.1752752645624486,0.3865077502680805
naics_code_332996,-6.623924214078918e-05,-0.694346133086528,0.5826078689001014,0.1118045034285679
naics_code_332999,-0.0023199407124338,-0.1450341927818293,0.2345555986572764,-0.087201465163015
naics_code_333111,-0.4260766115149363,-0.0444911170019798,0.3291247759770755,0.1414429525398488
naics_code_333112,-0.3525309618297222,0.0456927787202233,0.3717464381483348,-0.0649082550388106
naics_code_333120,-1.03019805253943,0.1369402948224603,0.6731005115071034,0.2201572462098542
naics_code_333131,-0.0700593364451359,0.0430707993119711,0.0733762057366456,-0.0463876686034854
naics_code_333132,-0.0473415046625008,0.2402155297721915,-0.1660764926722484,-0.0267975324374404
naics_code_333242,-1.9526386127071106e-07,-0.2084312356684576,-0.1935288875003836,0.4019603184327026
naics_code_333243,-0.0008827313835103,-0.5378814136126598,-0.0679065101918423,0.6066706551880124
naics_code_333248,-1.143814483621516e-10,-0.1022638868321453,0.6872891706988787,-0.5850252837523517
naics_code_333314,-0.0029092702399376,0.4057380383120875,-0.5590547586269291,0.1562259905547793
naics_code_333318,-0.0001031110914997,-0.6308242315790906,-0.0993278480508419,0.7302551907214324
naics_code_333413,-0.0643258927534621,-0.1475628193037566,0.3110285377965995,-0.099139825739381
naics_code_333414,-0.0081111111630545,0.3010971855621498,-0.4370388845918855,0.1440528101927905
naics_code_333415,-0.000494588582992,-0.6396346839024026,0.0886835742021824,0.5514456982832118
naics_code_333511,-0.8157057994197103,0.1477599353799634,0.0049267131224534,0.6630191509172915
naics_code_333514,-0.8763630648713072,0.431326237881728,0.0094438332555141,0.4355929937340613
naics_code_333515,-0.3753626452193463,-0.0053100340330412,0.4096656162559748,-0.0289929370035858
naics_code_333517,-0.6301894313677912,0.1215046551146442,0.0883125521759388,0.4203722240771996
naics_code_333519,-0.0323330730837313,0.3130034752052218,-0.3511375186517568,0.070467116530267
naics_code_333612,-0.0821246488548801,-0.9131828931785816,1.058476245096372,-0.0631687030629073
naics_code_333618,-0.4030127223994825,-0.0169735276580729,1.5283022389521128,-1.1083159888945566
naics_code_333911,-3.212853563625764e-09,-0.2486124405074983,0.081987299588641,0.1666251441317108
naics_code_333914,-0.0203383656667046,-0.7479700714478075,0.2232553055347079,0.5450531315798041
naics_code_333921,-6.28351753605607e-05,0.367594868916414,-0.1669561056806579,-0.2005759280603957
naics_code_333922,-1.977326717981079e-07,-0.2265974992501432,-0.1904103243389131,0.4170080213217281
naics_code_333923,-2.8544930107827688e-05,0.1677150798751143,0.2393072755389637,-0.4069938104839703
naics_code_333924,-2.0720058758560717e-06,-0.320960084685521,0.2956763165967564,0.0252858400946406
naics_code_333993,-0.0013083998173948,-0.7034148927262939,-0.2172853199874387,0.9220086125311274
naics_code_333998,-0.009020642726654,-0.367527810522033,0.8027857940658782,-0.4262373408171913
naics_code_333999,3.7795784793969935e-11,-0.2023616359211279,-0.1293270977271883,0.3316887336105205
naics_code_334111,-0.1488344973284248,-0.0711737081049597,-0.1193395188130887,0.3393477242464732
naics_code_334220,-4.964853275118391e-05,-0.6071604075890571,-0.0097677949410406,0.6169778510628486
naics_code_334290,-1.0676161179707667e-06,0.0246192904830112,-0.002972305412782,-0.0216459174541112
naics_code_334412,-0.0005387390336102,0.1930208025917462,0.1826307768408853,-0.3751128403990214
naics_code_334413,-0.0012221741107737,-0.0829423966669915,0.2652552528316308,-0.1810906820538654
naics_code_334417,-2.33292031448826e-05,-0.0176003239508829,-0.3129250416861653,0.330548694840193
naics_code_334418,-0.0009147260155682,-0.3627989108879951,-0.4673483487784406,0.8310619856820038
naics_code_334419,-4.613806460457853e-06,0.850907088577458,-0.3525372247212005,-0.498365250049797
naics_code_334510,-0.0980092036537077,-0.1738951807013639,-0.1609088900063964,0.432813274361468
naics_code_334511,-0.0044670966388048,-0.1216591445503644,-0.1956417210456737,0.3217679622348431
naics_code_334512,-0.0010624193304704,-0.0168116607025641,0.6998323251816775,-0.681958245148643
naics_code_334513,-0.0018479901422324,-0.1948883178576867,-0.1712477284755021,0.3679840364754214
naics_code_334515,-3.676616028318506e-08,-0.3820855242905314,0.7183385045333219,-0.3362529434766302
naics_code_334519,-0.0001396874223917,0.1507234884349883,-0.2726125025462566,0.12202870153366
naics_code_335121,-0.0017700315047159,0.2877396555166041,-0.0952400030002658,-0.1907296210116222
naics_code_335122,-0.0013267087547793,0.1051319332212235,0.2591805546145245,-0.3629857790809689
naics_code_335312,-0.0029296238898507,0.8575827717090229,-1.139753904289147,0.285100756469975
naics_code_335313,-2.7353841130267808e-08,0.2602167903058836,0.374446161029429,-0.6346629239814717
naics_code_335929,-0.0041142662495717,-0.2815559932618784,0.5779257820494875,-0.292255522538037
naics_code_335931,-0.0002102757492969,0.3318400473287364,-0.6074039810164287,0.2757742094369889
naics_code_335991,-1.1397271983577529e-06,-0.360788705393483,-0.3264298222390423,0.6872196673597234
naics_code_336110,-1.9421259687107617,0.9256602474341784,0.2488872409813859,0.7675784802949511
naics_code_336111,-4.4410302420259296,1.1825514684986542,2.519803950587572,0.7386748229397071
naics_code_336112,-3.2836074095385257,0.5683003417989771,1.7257534391209437,0.9895536286181216
naics_code_336120,-1.9265784663582488,0.5721935418329457,0.7647834666867273,0.5896014578385761
naics_code_336211,1.0322059829904002,-0.4757101913188079,-0.1832986790543579,-0.3731971126169688
naics_code_336212,-0.413811122082412,0.0078293678261055,0.2497017233908603,0.1562800308654686
naics_code_336213,-1.0269268252040078,-0.0202556157075299,0.3544952134733566,0.6926872274381843
naics_code_336214,-2.866959908675843,0.9295492492544672,0.5399914356639512,1.397419223757486
naics_code_336310,-1.68083487648715,0.3972746142241742,0.9634471946136988,0.3201130676492864
naics_code_336320,-0.2930837895385387,0.1032881764412931,0.3140804283116433,-0.1242848152143966
naics_code_336330,2.4044852014803,-0.6924976577820825,-0.638433200080431,-1.0735543436177473
naics_code_336340,9.912605784417735,-3.744587704174823,-2.6314696693579416,-3.5365484108850755
naics_code_336350,-2.1270872289149567,0.42042003957181,1.248168635518863,0.4584985538242824
naics_code_336360,4.38542618418638,-1.6361309546203535,-0.9120240086375137,-1.8372712209285187
naics_code_336370,-2.432016955760563,0.4287401534304417,1.091707236068169,0.9115695662619534
naics_code_336390,-2.5940681276761413,0.7884500336653559,1.288003910770761,0.5176141832400089
naics_code_336411,-7.490742801523018e-06,-0.3076042649192709,0.2019883406645141,0.1056234149975587
naics_code_336412,-1.4175648056113209e-11,-0.3529847866677863,0.6190259769236598,-0.2660411902416977
naics_code_336413,-0.0144314213376593,0.1407652706144424,-0.8012514291097235,0.6749175798329401
naics_code_336510,-0.0229367933072332,-0.5811386653305114,0.5878529152803587,0.016222543357386
naics_code_336611,1.2716477354215188,-0.3689415811501652,-0.2089003241753378,-0.6938058300961979
naics_code_336612,-0.5725045347686191,0.0546634168727301,0.0269305188127352,0.4909105990831477
naics_code_336991,-3.638288598884906e-07,0.4020995454643979,-0.1949951477279128,-0.2071040339076253
naics_code_337110,-1.435150372877807,0.3823465231992319,0.5697756240180677,0.483028225660509
naics_code_337121,-0.6526667507444687,0.0277550097615867,0.4922104354909717,0.1327013054919003
naics_code_337122,-0.0631447196497163,-0.1081630900006681,0.6340384464732547,-0.4627306368228682
naics_code_337124,-0.0228152287494868,0.5680278787103474,-0.2071698113542053,-0.3380428386066557
naics_code_337125,-0.0004784647509446,-0.2487302889411404,-0.2672554680405051,0.5164642217325901
naics_code_337127,-0.2335301991647755,0.1209339056224067,-0.1518210132914196,0.2644173068337899
naics_code_337211,-0.0915025633846472,-0.4136540143331459,0.7749261662662561,-0.2697695885484573
naics_code_337212,-0.3312401586909541,-0.1128258835236285,0.28397481425228,0.1600912279622979
naics_code_337214,-0.1225780101789211,-0.2851490697410169,0.5574313677421001,-0.1497042878221636
naics_code_337215,-0.8277703060264066,-0.0123802082724039,0.3150380494048588,0.5251124648939489
naics_code_337910,-0.0886557717192761,-0.3312481929758258,0.7293228227648667,-0.3094188580697632
naics_code_337920,-0.4638096327482855,-0.0184717552262632,0.3436199838409412,0.138661404133609
naics_code_339112,-0.0271781060573411,0.1711902712543003,-0.0165720156329609,-0.1274401495639981
naics_code_339113,-6.285400419065043e-06,0.3277197927920747,-0.1748655332957653,-0.1528479740958902
naics_code_339116,-1.0958395695662458e-08,-0.1993134673632976,0.3851734084054561,-0.1858599300837628
naics_code_339920,-0.3080339766577654,-0.3579211711266246,0.3935718976265162,0.2723832501578739
naics_code_339950,-0.0012279158977056,-0.2525134065334021,-0.1383400057672009,0.3920813281983089
naics_code_339992,-0.0006443358051427,-0.8503140599837132,0.8079339035954135,0.0430244921934436
naics_code_339999,-0.0024024474459551,0.4742436066982275,-0.3923130432596831,-0.0795281159925893
naics_code_423110,4.101457396074897,-1.1564911806317726,-1.3956397398837306,-1.5493264755595413
naics_code_423120,-1.39576519350589,0.4252208603621031,1.0698536545493391,-0.0993093214055457
naics_code_423130,5.632638049797052,-2.180492409425453,-1.7064842823871864,-1.7456613579844784
naics_code_423140,-0.0236809321729041,0.3588721599334599,-0.5068155668511752,0.1716243390906202
naics_code_423310,-0.6701268586390928,0.0436351751323613,0.3508698771434032,0.2756218063633362
naics_code_423320,-0.3956444802289561,-0.1687789100253579,0.2418761337959518,0.3225472564583621
naics_code_423330,-0.3774118845180293,-0.1820364114495924,0.4334869210088783,0.1259613749587435
naics_code_423390,-0.157840595170841,0.0711367185799136,0.448736100565439,-0.3620322239745121
naics_code_423420,-2.1123306626385545e-07,0.5241526596765368,-0.2347227875559054,-0.289429660887565
naics_code_423430,-0.0140373633072576,0.0400378748765189,0.2963309265677917,-0.322331438137053
naics_code_423440,-1.005024822208146e-05,-0.2897947363641481,-0.3673480512157078,0.657152837828078
naics_code_423450,-0.6492344495816527,0.4296412394143193,0.3840077923643051,-0.1644145821969721
naics_code_423510,6.665528013478584,-2.15509148636146,-2.115330022524041,-2.3951065045929707
naics_code_423610,-9.43273850521845e-05,-0.5112633952025798,0.0006635775572205,0.5106941450304113
naics_code_423620,-0.0144295976582441,-0.4159279573829896,0.7772196807463866,-0.3468621257051527
naics_code_423690,-0.001373004821461,0.1586607741538627,0.2515712445662451,-0.4088590138986466
naics_code_423710,-0.0306227986872836,0.3258974541971033,0.1319542035119722,-0.4272288590217917
naics_code_423720,-0.0108327673176118,0.2921288091281693,-0.1070110759802931,-0.1742849658302642
naics_code_423721,-0.0050436869156985,-0.2069725505007666,-0.3327462765232654,0.5447625139397304
naics_code_423723,-1.0186842339183144,-0.365431613236081,-0.5295847327962415,1.9137005799506364
naics_code_423727,-0.4847596720384919,-0.1380169466613396,-0.2088319257514133,0.8316085444512447
naics_code_423730,-0.0104228638756226,0.2907839084053138,-0.4062263056206734,0.1258652610909826
naics_code_423734,-0.4950585742450296,-0.0445570588887417,-0.0715828573730511,0.6111984905068224
naics_code_423740,-7.889155340267632e-08,-0.2197875613880884,-0.1723157600082952,0.3921034002879371
naics_code_423741,-0.4844757459563609,-0.1294952112653025,-0.2065965619884841,0.8205675192101477
naics_code_423742,-0.4950585742450296,-0.0445570588887417,-0.0715828573730511,0.6111984905068224
naics_code_423743,-0.0024719983629921,-0.1110033901762515,-0.2096568627925899,0.3231322513318336
naics_code_423810,-0.0002333598616057,0.0873374096091102,-0.5270285327990658,0.4399244830515615
naics_code_423820,-0.0180876617972535,-0.5819469921951794,-0.0611000416310735,0.661134695623507
naics_code_423830,-0.1241040434273015,0.4805082599804895,-0.4566070400123915,0.1002028234592032
naics_code_423840,-0.0164096123087539,0.159201371781014,-0.9022293491512278,0.7594375896789683
naics_code_423850,-0.0058234732418756,0.234649893933879,0.6692778870856074,-0.8981043077776111
naics_code_423910,-0.3429889473288186,0.2729736847367159,0.4682179239792284,-0.3982026613871235
naics_code_423920,-0.2086467472015983,-0.194789282170814,0.6497134677144861,-0.2462774383420738
naics_code_423930,-1.020694771574848,0.1938213959865995,0.4494298536315975,0.3774435219566521
naics_code_423940,-0.0064400638179392,0.4668062310349231,0.0502854403185989,-0.5106516075355824
naics_code_423990,-1.603401145067619,0.5753934906366811,0.4491428907935086,0.5788647636374361
naics_code_424110,-1.75913759739076e-07,0.2596646737631451,-0.1437707613610823,-0.115893736488303
naics_code_424120,-0.0013799650440591,0.3983286046055537,-0.2327673191828612,-0.1641813203786332
naics_code_424130,-0.0024679197109895,0.0883075802435894,0.5561705188613933,-0.6420101793939935
naics_code_424210,-0.000325435861138,-0.6263659622055836,0.671788933375506,-0.0450975353087837
naics_code_424340,-2.135089945734307e-08,-0.1637424919266886,0.3654276049925711,-0.201685091714983
naics_code_424410,1.1246284427811826,-0.0133203772777361,-0.04274972023259,-1.0685583452713274
naics_code_424420,-0.0269040529555253,0.1564300110391915,-0.5333352753348894,0.4038093172512231
naics_code_424430,-1.223125607998287,0.7387949797652246,0.644045209434062,-0.1597145812009959
naics_code_424440,-0.1980547006432537,0.650846339823372,0.3492840874765873,-0.8020757266567045
naics_code_424450,-0.4019517609039313,-0.0586855733500637,1.1047466376973345,-0.6441093034433434
naics_code_424460,-0.2018416121223613,0.1887687227454347,-0.2168208274095546,0.2298937167864812
naics_code_424470,-0.0946525726891876,0.4560465132299962,-0.0132951425363253,-0.3480987980044792
naics_code_424480,-1.2940596191721028,0.6196194542722392,0.1871766458846703,0.4872635190151901
naics_code_424490,-2.923511368768839,1.0214691861311656,1.6576168702994587,0.2444253123385147
naics_code_424510,-0.0023341447538209,-0.2506466436503677,-0.1386491892925711,0.3916299776967599
naics_code_424590,-8.57444537181587e-08,0.3420493445029935,-0.1698696542883172,-0.1721796044702226
naics_code_424810,2.241762747124864,-0.7260703869411206,-0.2459839571043588,-1.2697084030791794
naics_code_424820,-2.053632276597984,1.038899692898018,0.6001401000745314,0.4145924836254425
naics_code_424910,-0.0510947617100784,-0.2492795801929363,-0.3421553119199156,0.6425296538229306
naics_code_424930,-0.0001768486476067,0.1068466154765791,0.0676176617748907,-0.174287428603863
naics_code_424950,-1.675307167987882e-07,-0.2259259318110061,0.4672851565709915,-0.2413590572292684
naics_code_424990,-0.1170095380902506,0.5599145913039123,-0.8381688243890572,0.3952637711753949
naics_code_429110,-4.0835956834920166e-05,0.856722561955832,-0.5935344029997478,-0.2631473229992483
naics_code_441110,-0.103663321646742,0.2941815311384914,-0.2792892120252332,0.0887710025334849
naics_code_441120,-0.0001047311956826,0.2841614334119085,-0.2974932417385492,0.0134365395223233
naics_code_441228,-0.2229240099418845,0.4934544498415639,-0.1268263833581858,-0.1437040565414937
naics_code_441310,-0.5785693621722228,0.2400624747772192,0.4113896010109081,-0.0728827136159053
naics_code_441320,-0.1038327600682385,0.159130534567611,0.2816725057426378,-0.3369702802420051
naics_code_441330,-0.0004777436407781,0.0962731955326707,0.0539592282457273,-0.1497546801376201
naics_code_442110,-1.3367589234370194,0.6975387614200197,0.5659282308672461,0.0732919311497539
naics_code_442210,-0.0032727060397862,-0.0978547863720552,-0.3158267992076565,0.4169542916194975
naics_code_442299,-0.8332703203311881,-0.0496173345650354,0.9058975726832312,-0.0230099177870065
naics_code_444110,1.2963710822455985,-0.1726163294544849,-0.81404684103219,-0.3097079117595103
naics_code_444120,-3.5572448323256026e-05,-0.1406819343282425,-0.2036057014894223,0.3443232082659881
naics_code_444130,-0.3224891982866026,-0.0485583215996628,0.543879387582146,-0.1728318676958819
naics_code_444140,-0.1344074989227897,0.4946051655929174,0.0649584414416928,-0.4251561081118205
naics_code_444180,-0.4220101995842257,-0.0177594368591493,-0.1420851825553848,0.581854818998761
naics_code_444190,-1.4374166576620455,0.6240868410785286,0.5178113561440654,0.2955184604394427
naics_code_444210,-0.1158981335621689,0.579368424640342,-0.5441251525652224,0.0806548614870501
naics_code_444220,-0.9027538943683424,0.4466377526486093,0.5190942841382477,-0.0629781424185109
naics_code_444230,-0.0010117906780725,-0.2833893826802192,0.1964571954040246,0.087943977954267
naics_code_444240,-2.386502534565422,1.6251398938859345,-0.3683585870144628,1.1297212276939397
naics_code_445110,0.0688604632925782,0.00099828663743,-0.1781526253608046,0.1082938754267384
naics_code_445120,-0.0013250118948707,0.7427948580184807,-0.4500390189825682,-0.291430827141042
naics_code_445299,-0.0434597343868794,-0.3494625256059339,-0.3240299612196922,0.7169522212125055
naics_code_445310,-0.0116288868770652,0.1350685885363165,-0.2698285404460402,0.146388838786789
naics_code_446110,-0.009158297873035,0.5521068484393594,-0.4619900208534017,-0.0809585297129212
naics_code_446120,-0.0841690444650444,-0.3379579923264077,0.7943594133627998,-0.3722323765713478
naics_code_447110,-0.3932983963440323,0.1121964013825634,-1.0866919356108664,1.3677939305723346
naics_code_447112,-0.0439898506240283,0.35276221820839,-0.3739171520860031,0.0651447845016411
naics_code_448140,-0.0287177052778051,-0.3002981333619931,0.4153027814669546,-0.0862869428271565
naics_code_449121,-0.0033375714060225,0.5069476786280132,-0.5484736464196154,0.0448635391976248
naics_code_452111,-1.3150330010261395,0.6920518253036956,0.4970214846866041,0.1259596910358401
naics_code_452112,-3.5485987702896638,0.9546507946742006,1.2540299614607344,1.3399180141552385
naics_code_452210,-1.776822087640353,0.4522790984653254,0.742806080622019,0.5817369085528729
naics_code_452319,-0.1719940654621131,-0.0532280626059708,0.5085636482822933,-0.2833415202142107
naics_code_452910,-4.40135359418633,1.507581803184144,0.9153193586524752,1.978452432349967
naics_code_452990,-0.0026377802366692,-0.0148246824174338,-0.4634347847850056,0.4808972474391084
naics_code_453110,-0.002686522220516,-0.4484177944422189,0.1294635379137835,0.3216407787489515
naics_code_453310,-0.8903839812684414,0.0523425854231371,0.6525386367970565,0.1855027590482507
naics_code_453910,-0.0001981646366023,0.5747575281233492,-0.1922012655728609,-0.382358097913886
naics_code_453998,-0.3798262525937504,0.3616444619663867,-0.9259213751822336,0.9441031658095952
naics_code_454110,-0.0008527909918014,-0.3440640208771954,0.5346362642233472,-0.1897194523543492
naics_code_454111,-1.3091068404072708e-07,-0.5974531295319905,1.1275764045535883,-0.530123144110914
naics_code_454210,-1.6851323633123307,0.3505180506207777,0.9751463901081506,0.359467922583408
naics_code_454310,-0.0776278908919054,-0.0555632012827874,-0.6626092861907864,0.7958003783654785
naics_code_454390,-0.0548739526373114,0.0905320557519786,0.0453944081033359,-0.0810525112180033
naics_code_455110,-1.0531551605167045e-05,0.5783867899005587,-1.224678888347111,0.6463026299981575
naics_code_455211,-3.2706804582473588,1.6024222767092262,1.2845287345501089,0.383729446988071
naics_code_455219,-0.0017186633197916,0.3218760421708459,-1.1214464792479637,0.8012891003969078
naics_code_456110,-0.0016410985638553,0.600610223224733,-0.0565295038432591,-0.5424396208176184
naics_code_457110,-5.507641305531633e-06,-0.3467707341731792,0.001594350135159,0.3451818916793258
naics_code_457210,-0.019518576741648,0.4171109612969386,0.1511462307332578,-0.5487386152885482
naics_code_458110,-0.0051668472739958,1.550230927309071,-0.7262653994502457,-0.8187986805848303
naics_code_459120,1.814356636252371e-11,0.3392278268850957,-0.1102553813349973,-0.2289724455682419
naics_code_459510,-0.302386873659808,0.3826293544263233,0.556766753112342,-0.6370092338788572
naics_code_481111,-1.9284623134973944,1.1349459171402911,0.8184257080878384,-0.0249093117292021
naics_code_481112,-0.0004803142123005,0.3112753810769974,-0.0403943587484975,-0.2704007081162
naics_code_481211,-7.244655226395263e-08,-0.0895819251785475,0.6099953415414343,-0.5204133439163346
naics_code_481212,-8.29160655291316e-10,-0.1273296342194158,-0.2533285112993281,0.3806581463479044
naics_code_482112,-4.002904328900992e-09,-0.2764617259867032,-0.4555877162087139,0.7320494461983215
naics_code_483211,-0.020546582917096,-0.6562360114629898,-0.5064164212842853,1.1831990156643717
naics_code_484110,-2.3292970212818958,1.158138586802556,0.5672563219564662,0.6039021125228176
naics_code_484121,3.3035098269319114,-0.7073016051138402,-1.1478049128794576,-1.4484033089391697
naics_code_484122,-0.3031210275065221,0.2242733196290235,0.4221065381997222,-0.3432588303220273
naics_code_484210,-0.3396768716734038,0.0945511627111861,-0.0279512285497483,0.2730769375119654
naics_code_484220,-2.647705019243206,1.403829619006539,0.8365498293692947,0.4073255708673672
naics_code_484230,-1.7775412984252172,1.1130228787460368,0.048998217894691,0.6155202017844843
naics_code_485111,-1.99331210213943,0.939670168032065,0.3944732487064233,0.6591686854009079
naics_code_485112,-0.0054630862573941,1.620619929913066,-0.4787855407025019,-1.136371302953172
naics_code_485113,-2.8216680639080822,1.2769193058587796,0.780139533430096,0.7646092246191918
naics_code_485119,5.674192983532863,-1.623186828119218,-1.4424100813399183,-2.608596074073776
naics_code_485210,-0.5196804945914348,1.217773604945206,-0.4931559625534076,-0.2049371478003746
naics_code_485310,-0.0022844550405625,0.09351200288433,0.4899315824400059,-0.5811591302837734
naics_code_485320,-0.076051831078862,0.0203938514453343,0.060600065923229,-0.0049420862897011
naics_code_485410,1.178805288202198,0.0131008101678399,-0.8566494427781721,-0.3352566555919007
naics_code_485510,-0.0015492025982831,0.1400945320269739,0.2291586455345341,-0.3677039749632248
naics_code_485991,-0.5344959752650145,0.5052010459786502,0.4861054181117932,-0.4568104888254239
naics_code_485999,-0.0447518428366339,-0.1185520742053934,-0.0192585571507646,0.1825624741927919
naics_code_487110,-0.0082241454830383,0.1816703115830513,-0.584431968971255,0.4109858028712421
naics_code_488100,-0.0082785097288759,-0.4914352143685174,0.2219599510007715,0.2777537730966216
naics_code_488111,-4.6722939679315124e-07,-0.1704854370265403,-0.1376282643736267,0.3081141686295638
naics_code_488119,-1.1018024856418804,0.4298909461576734,0.6668894987191831,0.0050220407650408
naics_code_488190,-0.3292112539757438,0.2380460509674155,0.073517146741825,0.017648056266522
naics_code_488310,-0.2449494763183504,0.4546154803247222,-0.3057776604207559,0.0961116564143835
naics_code_488320,-0.6664117165124299,1.2812575340894286,-1.4299008906644095,0.8150550730873493
naics_code_488330,-0.001522534898484,-0.1325311849946845,-0.5810944675315043,0.7151481874246728
naics_code_488390,-0.001749302912679,0.8942532588854972,-0.1907258737104199,-0.7017780822623978
naics_code_488410,-0.0024650109585474,0.4927812130982011,-0.2425169829827477,-0.2477992191569059
naics_code_488490,-0.0084077447870401,0.1751602346721843,0.2130295579333568,-0.3797820478185008
naics_code_488510,-0.0173806739923797,0.1629598251131491,-0.4844124665882387,0.3388333154674689
naics_code_488991,-0.1906352394800921,-0.1951174815329387,0.6879202215766614,-0.3021675005636287
naics_code_488999,-0.0127128771702018,0.2399341192486586,-0.376758063131707,0.1495368210532502
naics_code_491110,6.898585165460231,-1.7879946018143251,-2.158779887486625,-2.951810676159234
naics_code_492100,-0.0007929147529385,0.5821147754180857,-0.0435885126311622,-0.5377333480339841
naics_code_492110,1.2653044384819063,-0.3857872003907064,0.2098197888618812,-1.089337026950293
naics_code_492210,-0.0202793456648795,0.6969523926393083,-0.1853339310156356,-0.4913391159587981
naics_code_493110,0.507378954925188,0.0510920420905735,0.4108350435286211,-0.9693060405447772
naics_code_493120,-2.2677814828495237,1.1885671193170724,0.9677404805516584,0.1114738829807558
naics_code_493130,-0.5720084291023428,-0.1463877637724119,0.5131453913280465,0.2052508015467089
naics_code_493190,-0.5400859751790655,0.4286233552896359,0.1876791589824931,-0.0762165390930637
naics_code_512230,-1.5002093921367296e-07,0.3868174887237922,-0.210489462953072,-0.1763278757497809
naics_code_517111,-0.009075649383073,-0.6392429667005229,0.7853184884750288,-0.1369998723914322
naics_code_517910,-0.0015792927136166,0.0421410468840891,0.2217386048567546,-0.2623003590272271
naics_code_517919,-0.0240824724153718,0.4236667600497695,-0.418177165722126,0.0185928780877288
naics_code_518210,-9.481396830007689e-09,-0.2175238723690629,-0.146873706824412,0.3643975886748717
naics_code_519120,-0.0001094002986146,-0.5542209564541377,0.5809918027794138,-0.026661446026662
naics_code_519210,-0.000128970153935,-0.245723154944961,0.5030582410209701,-0.257206115922074
naics_code_522130,-0.0005606129904829,-0.0117756552253797,-0.4778363968764798,0.4901726650923426
naics_code_524114,-0.0006437196978689,0.0300861623942616,-1.025418783020218,0.995976340323822
naics_code_524126,-0.0049118620652126,-1.001092132469212,-0.1887386743135461,1.1947426688479703
naics_code_531110,-0.0867989042076102,0.213687981797998,-0.275590091688418,0.1487010140980305
naics_code_531120,-0.0001835977618414,0.3423884249525796,-0.4231208070244366,0.0809159798336985
naics_code_531130,1.7134127458416808e-11,0.4356881841351084,-0.2189893305731736,-0.2166988535790689
naics_code_531311,-0.0005903901070896,0.8674681397502444,-0.1593527757793753,-0.7075249738637791
naics_code_531390,-4.370957475602018e-05,-0.5151485162078774,-0.0635981335559448,0.5787903593385783
naics_code_532111,-0.0001395407386296,1.165079519672393,-0.5093882063323671,-0.6555517726013963
naics_code_532210,-0.0010572331797055,0.4244914999932155,-0.2258738941046135,-0.1975603727088966
naics_code_532220,-0.0010369277035237,-0.1551467739212465,-0.6581151175970071,0.8142988192217763
naics_code_532289,-0.1221960299412523,-0.4150344907685458,-0.3448529385931203,0.8820834593029183
naics_code_532291,-0.0010830944981755,-0.4639238741322291,0.4695533257138448,-0.0045463570834401
naics_code_532292,-0.0409010577033545,0.6182720294315599,-0.6058941538207276,0.0285231820925217
naics_code_532299,-0.1321535688704757,-0.1245136604635521,0.0882932198767266,0.1683740094573033
naics_code_532412,-1.7199210416705678e-06,0.6659905772884452,-0.1624464577975273,-0.5035423995698763
naics_code_541110,-6.3402413180157795e-09,-0.1621125657200505,-0.1409504576983775,0.3030630297586693
naics_code_541191,-0.0003750463147328,0.3752361154982915,-0.1115919941875383,-0.2632690749960203
naics_code_541219,-0.0656808357380676,-0.1085412883621945,0.2030543935053453,-0.0288322694050827
naics_code_541330,-0.0013192837169713,0.619961410042967,-0.2831860270996391,-0.3354560992263564
naics_code_541380,-3.797987459125011e-05,-0.2283611525283654,0.0094531609522912,0.2189459714506655
naics_code_541511,-0.0022596134272982,-0.350011525029677,-0.5486146601047995,0.9008857985617748
naics_code_541512,-1.727582177653875e-05,0.2211259326043246,-0.2489748206902728,0.0278661639077246
naics_code_541519,-2.231546199961286e-05,0.0833481377876751,-0.1497925419602135,0.066466719634538
naics_code_541611,-9.030223901755968e-07,-0.8240811608833548,-0.0420847711541259,0.8661668350598706
naics_code_541614,-1.8783223779356771e-06,1.2410639826301886,-0.6344880288175581,-0.6065740754902529
naics_code_541690,-0.045600793554898,-0.177430068574346,-0.1232916884119419,0.3463225505411861
naics_code_541711,-0.0001795451971629,-0.1534856965733691,-0.2560101028748978,0.4096753446454298
naics_code_541712,-0.0092742073588533,-0.4828732634647732,0.9032747893326876,-0.4111273185090596
naics_code_541850,-0.1403776655887592,-0.2966959711663314,-0.0209926269299293,0.4580662636850203
naics_code_541890,-0.0012906568270987,0.4202118694231568,-0.4998589042202515,0.0809376916241931
naics_code_541940,-0.0031012084974034,-0.4829096482159765,-1.035798670679521,1.521809527392901
naics_code_541990,-2.2624856123457505e-07,-0.3214795514574468,0.778242447851741,-0.4567626701457336
naics_code_551111,-0.0315843932970085,0.2328859490579631,-0.6594001853336836,0.4580986295727308
naics_code_551114,-0.0082549198692102,0.0378720376757411,0.0157118712622574,-0.0453289890687912
naics_code_561110,-0.136851640043062,-0.3277664773544747,0.8378273156902784,-0.373209198292742
naics_code_561210,-0.0957676020849774,0.2398972728532865,-0.1519330969721553,0.0078034262038463
naics_code_561320,-0.076033079782895,0.2718503569578959,-0.5322213323216529,0.336404055146652
naics_code_561330,-0.2910865184797278,0.6318146776652025,-1.1880657661164815,0.847337606931011
naics_code_561431,-5.606369000865944e-05,-0.3085732345409218,-0.3285151030659551,0.6371444012968857
naics_code_561599,-0.0001415642751085,-0.1518878182152908,-0.4222962811289084,0.574325663619308
naics_code_561612,-1.228563070690218e-05,0.0957671443036333,-0.258256759608616,0.1625019009356897
naics_code_561710,-0.0032589634230475,0.1643496693596281,0.3926979548039552,-0.5537886607405357
naics_code_561720,-0.8145959285750408,0.4290280396034365,0.485720102322244,-0.100152213350642
naics_code_561730,-0.0144437002039546,-0.0598022181619134,0.5131437301831367,-0.4388978118172624
naics_code_561910,-7.722115076266098e-05,0.2396770584394932,0.3935577158756981,-0.6331575531644286
naics_code_561920,-0.0028480761003842,0.9006345268948319,-0.3780334356474103,-0.5197530151470375
naics_code_561990,5.392949610612627,-1.9471325520424367,-1.7769667458058402,-1.6688503127640446
naics_code_562111,6.429885515972231,-2.149363441181181,-1.8213666709147904,-2.4591554038750947
naics_code_562112,-0.0574820252334319,-0.1876710488060681,0.1359531582077817,0.1091999158317194
naics_code_562119,-0.0677556529227197,0.2195548937757906,-0.2087644923311461,0.0569652514780754
naics_code_562211,-0.0263010877199863,-0.5446779282118591,0.2990141199576685,0.2719648959741771
naics_code_562212,-0.2025067959446677,0.1980539068513632,0.3302565444946838,-0.3258036554013807
naics_code_562213,-0.0004957609883267,0.0329751342794438,0.5254672782368168,-0.5579466515279342
naics_code_562219,-1.2423112974427646,-0.005403674986203,0.6580806699135449,0.5896343025154257
naics_code_562910,-7.143590813169042e-06,-0.3033368191864991,-0.3442480551356767,0.6475920179129888
naics_code_562920,-0.0121137065624845,0.7632702706612361,-0.4652328609664873,-0.285923703132264
naics_code_562991,-0.123229701997209,-0.0991022656114345,0.3714431287598147,-0.1491111611511715
naics_code_611110,-0.5384857866798848,0.1019544219234879,-0.2221354121171612,0.6586667768735643
naics_code_611210,-0.0168490403138739,-0.1614237855402263,-0.070040794559288,0.2483136204133888
naics_code_611310,-0.7446419799670341,-0.1058684804198241,0.3764707927683672,0.474039667618485
naics_code_611610,-1.9797555854866318e-08,-0.2274296070947056,0.4668178012310342,-0.2393881743387726
naics_code_621111,-0.2962779792456304,0.0180209431863756,-0.648950381618834,0.9272074176780912
naics_code_621112,-0.0341895604595201,0.2035186453585153,-0.7216302471913305,0.5523011622923351
naics_code_621210,-9.937431930589348e-05,-0.0861588617269487,-0.0898146940185595,0.1760729300648142
naics_code_621330,-0.0011203259677964,-0.9224186627269352,0.1534407769453586,0.7700982117493731
naics_code_621340,-0.0022783177768638,0.6370839957867384,-0.5778013577342451,-0.0570043202756295
naics_code_621420,-0.0112679240099552,0.1057917625765535,-0.6944375131227714,0.5999136745561736
naics_code_621491,-0.227011788874228,-0.1079221086320501,-0.1695287060783333,0.5044626035846113
naics_code_621493,-0.0003331037243553,0.1473182232394141,-0.6675481645895327,0.5205630450744757
naics_code_621498,-3.552994675920096e-05,0.0075600387158443,-0.3839344700476121,0.3764099612785271
naics_code_621511,-0.0005181387309359,0.1340887520965464,0.2291635873248279,-0.3627342006904384
naics_code_621512,-0.0056343972231012,-0.5372219550866185,-0.1309191201348541,0.673775472444574
naics_code_621610,-0.8390430995032786,0.322114322493177,-0.1896104510748457,0.706539228084948
naics_code_621620,-0.006655389418581,-0.3787269850599069,-0.4828607548274296,0.868243129305918
naics_code_621910,-1.0048360360879431,0.4121912598951572,0.0237944397164936,0.5688503364763702
naics_code_621991,-0.8357010052604931,0.2752664116812172,-0.0396079028497875,0.6000424964290669
naics_code_621999,-0.7003062772823372,0.5162739782246502,-0.5670632395856896,0.7510955386433883
naics_code_622100,-0.0070554113044462,-1.0219805882365989,-0.4978321342234163,1.5268681337644618
naics_code_622110,1.8093880642328104,-0.7207432038821281,-0.9718311750380804,-0.1168136853180973
naics_code_622111,-6.240194394017387e-07,-0.0930158390258481,-0.6291059480296967,0.7221224110749849
naics_code_622210,-1.317127423253819,0.6909785682582146,0.2042629191164024,0.4218859358789198
naics_code_622310,-1.5251220339434777,0.5483294355126807,0.2234898820704161,0.7533027163603432
naics_code_623000,-0.0498966039832612,-0.1924557264084432,-0.3125434604125882,0.5548957908042929
naics_code_623110,-3.027960149416268,1.1177279362859711,0.9824335042274974,0.9277987089031016
naics_code_623111,-0.012173199535124,0.4343256949797039,0.132113475133776,-0.5542659705783558
naics_code_623112,-0.1733115028351212,0.3964729618009705,0.0886242217791692,-0.3117856807450193
naics_code_623115,-0.0008442385606646,-0.1434964338704117,0.4711081295064903,-0.3267674570754139
naics_code_623117,-0.0034774062507651,0.2348205588168455,0.4612448412637727,-0.6925879938298545
naics_code_623118,-0.0159703052793531,0.1745505973478201,0.2717715914127788,-0.4303518834812451
naics_code_623210,-1.11203965934209,0.3749498818020935,0.2211367856036941,0.5159529919362381
naics_code_623220,-1.4325861030525018,0.5565532748357047,0.1786545534651798,0.697378274751595
naics_code_623310,-0.0050592908002157,0.0334937805314335,-0.3204219260018977,0.2919874362706797
naics_code_623311,-1.8818574906424728,0.6861240259796011,0.6036513716181011,0.5920820930445425
naics_code_623312,-2.323954738890308,0.7211176169415997,0.6945715220353739,0.9082655999132976
naics_code_623990,-0.1956109967648212,0.3104884251091687,-0.0502116398495996,-0.0646657884947466
naics_code_624110,-0.0212612600702762,-0.903067559130594,0.2949458924522715,0.6293829267485987
naics_code_624120,-0.019528663230415,0.4093117714926679,-0.5461871087135823,0.156404000451329
naics_code_624190,-0.0165386145269034,-0.0911825489237039,-0.2034512605723585,0.3111724240229658
naics_code_624210,-0.0013219863159431,-0.0829632983796888,0.1898270341143064,-0.1055417494186743
naics_code_624221,-8.91011033659446e-06,-0.3976254604412442,0.2266321193558124,0.1710022511957682
naics_code_624229,-0.002303638373899,0.5956753030823105,-1.300758886412231,0.7073872217038198
naics_code_624230,-0.0596555919830013,0.1840250863199961,-0.2461826360971078,0.1218131417601121
naics_code_624310,-0.7309817022516895,0.3213291339777205,0.1647040226919999,0.2449485455819473
naics_code_624410,-0.0025861357163953,0.1737173664482368,-0.3707725216026027,0.1996412908707612
naics_code_711110,-0.0977516650531524,-0.529603420686717,0.1419271721491595,0.4854279135907189
naics_code_711120,-0.0071530508923894,-0.4302456390287645,-1.0154434444867668,1.45284213440792
naics_code_711130,-0.001585603463949,0.6401469096323893,-0.2714974515533867,-0.3670638546150537
naics_code_711190,-1.0648394256525504,0.8592237962692977,-0.0366598890225019,0.2422755184057533
naics_code_711211,-0.5321555681150376,0.2271349300994155,-0.0099675513274843,0.3149881893430425
naics_code_711212,-0.2228834406352241,0.0210936169171973,-0.9172637398666084,1.1190535635846344
naics_code_711219,-0.0633548835835918,0.0151907092324045,0.3452022630900491,-0.2970380887388634
naics_code_711310,-2.9801414223762734e-06,-0.1432574703091833,0.0520305019403479,0.0912299485102576
naics_code_711320,-9.76846111046383e-07,-0.1908778217573075,-0.1765897354302491,0.3674685340336678
naics_code_712110,-0.0004214728604256,-0.181627624240628,0.616822160243149,-0.4347730631420942
naics_code_712130,-1.1459001989277878e-05,0.2947117745394323,0.3160067048244439,-0.6107070203618873
naics_code_712190,-0.0101735587890296,0.2270203139509679,-0.3199871099435155,0.1031403547815776
naics_code_713110,-1.7850462031529264,0.5167178957952823,1.1831703324540654,0.0851579749035854
naics_code_713120,-0.0012146238291107,0.7261403823361942,-0.1102907952480764,-0.6146349632590069
naics_code_713210,-0.0035311359004305,-0.988614884430034,-0.6608401846636937,1.652986204994164
naics_code_713290,-0.0003743716272648,-0.1317326092491611,0.0495194832610889,0.0825874976153376
naics_code_713900,-0.0058719855403675,-0.0095740438834519,0.5706744778099898,-0.5552284483861701
naics_code_713910,-0.3556445039602477,0.0575365864178357,-0.5156537382213559,0.8137616557637684
naics_code_713920,-0.0048736203249463,0.0738488926749964,-0.3947370355470236,0.3257617631969733
naics_code_713940,-9.144316964303254e-05,0.2355664906635209,0.3303001177986351,-0.5657751652925133
naics_code_713990,-1.4698140217617857e-06,0.356020580944945,-0.1569188101492553,-0.199100300981668
naics_code_721110,2.6177259350242217,-0.987491331523804,-0.7369298623524043,-0.8933047411480851
naics_code_721120,-1.770414255626014,0.6745145666810282,0.6895912966335828,0.4063083923114639
naics_code_721199,-9.801135652751307e-08,-0.4069973039101712,-0.2578430652786717,0.6648404672001996
naics_code_721211,-0.2053886661667313,-0.4432715837185122,0.2768526663538708,0.3718075835313734
naics_code_721214,-0.1331948037199818,0.4208208503805528,-0.8553399922100948,0.56771394554952
naics_code_721310,-2.404750100087161e-07,0.7357447264608487,-0.3158262274274483,-0.4199182585583902
naics_code_722110,-0.0002257365964046,0.2101969756144316,-0.8148178163568043,0.6048465773387767
naics_code_722310,3.267702524551733,-0.9133571942391296,-1.1892527610520998,-1.1650925692602745
naics_code_722320,-1.1345018024067106,0.8968272320430394,0.0188545122348205,0.2188200581288501
naics_code_722410,-7.385834539409377e-05,0.3945181940434457,-0.2046152475028284,-0.189829088195223
naics_code_722511,-0.0038116253389626,-0.0126481032400975,-0.6693091154675074,0.6857688440465671
naics_code_722513,-0.0034438438281865,-0.4888282541208693,-0.2605244116278697,0.7527965095769263
naics_code_722515,-2.6848084819218526e-09,-0.2380913168170248,0.492106864759548,-0.2540155452577147
naics_code_811111,-0.6916710723467457,0.4334955994411132,0.8821447785094189,-0.6239693056037864
naics_code_811122,-0.0581098240553629,-0.103178886687942,0.5361595445292352,-0.3748708337859301
naics_code_811192,-2.7986125256405097e-05,-0.1274181852097217,-0.7854561009224666,0.9129022722574464
naics_code_811210,-9.829427286207376e-05,0.2924493203213963,0.1956110513211686,-0.4879620773697029
naics_code_811213,-1.9747231746527797e-05,-0.1718761238034452,-0.2599642323965126,0.4318601034317044
naics_code_811310,-0.4371259902364026,-0.2602585199315858,0.7001213649476843,-0.0027368547796957
naics_code_812220,-5.637533526575365e-05,-0.0894449436334244,-0.3113842838416804,0.4008856028103706
naics_code_812320,-1.2573723204223596e-06,-0.3708584864063184,0.8031666514528422,-0.4323069076742032
naics_code_812331,-0.0522900924155275,-0.0427690601269059,-0.6351795348529996,0.7302386873954341
naics_code_812332,-0.353519746019989,0.3935550206099023,0.0348652860530681,-0.0749005606429816
naics_code_812910,-0.0002080755581616,0.0429281649831356,-0.1167096484460812,0.0739895590211073
naics_code_812930,6.516828155452516e-12,0.3080599086937785,-0.167195466186317,-0.1408644425139782
naics_code_813110,-9.35700520874061e-05,0.3327080848045461,-0.1161433614103499,-0.2164711533421089
naics_code_813311,-1.0358585302190865e-07,-0.2769121459283543,0.4995045996153991,-0.2225923501011917
naics_code_813319,-0.1987101983257474,-0.1464377260665194,-0.882069087515432,1.2272170119076962
naics_code_813410,-6.42004761904003e-05,-0.4252009077968384,0.0371346039306888,0.3881305043423403
naics_code_813930,-0.0102649054821818,-1.1055275797985462,-1.023480914439833,2.1392733997205604
naics_code_819750,-9.4298201814963e-07,1.0241796724082577,0.0417172089785629,-1.0658959384048008
naics_code_921110,-1.678725409646046,0.2890998096445651,0.4989878643169864,0.890637735684405
naics_code_921120,-0.2420692122733733,-0.0742248826014102,0.3025570656053797,0.0137370292694059
naics_code_921130,-0.0215180954902983,-0.5379912484614751,0.5113999678216613,0.0481093761301122
naics_code_921140,-0.5596360060397335,0.4201189091327541,-0.4055354912170884,0.5450525881240854
naics_code_921150,-1.4947346895521479e-07,0.4029315060212288,-0.4412891922883156,0.0383578357405556
naics_code_921190,5.8864646678768,-2.001768801182437,-2.079215436488071,-1.8054804302058776
naics_code_922110,-0.0005511555774514,0.0144462275787534,-0.0291670796301818,0.0152720076288801
naics_code_922120,-0.3377459374200603,0.2279502906123792,-0.4102312207402014,0.5200268675478683
naics_code_922130,-9.852448814462256e-05,0.0826610059900564,-0.1822108049401957,0.0996483234382838
naics_code_922140,-0.1356002260344392,-0.1096358780210487,-0.3620730612155292,0.6073091652710279
naics_code_922150,-0.0033694883644205,-0.0296977539918174,0.7275068824911796,-0.694439640134938
naics_code_922160,4.978366266637266,-1.177531521012187,-2.208822031101804,-1.5920127145232117
naics_code_922190,-0.0001877706851793,-0.75554923878535,0.4837348466963529,0.2720021627741768
naics_code_923110,-0.0212006969203374,0.0055114439102,-0.3545285190451361,0.3702177720552737
naics_code_923120,-0.0180368059310326,-0.1339049116645458,-0.1176436538584977,0.2695853714540749
naics_code_923130,-1.5500621759216308e-05,-0.1643497930941629,-0.6196169971779849,0.7839822908939067
naics_code_924110,-0.0125109639759783,0.0437170061431004,0.3844093632190238,-0.4156154053861471
naics_code_924120,-0.0377122392615562,-0.5447282134560739,0.4121550654043129,0.1702853873133266
naics_code_925110,-0.007185026177225,0.1281482320748587,-0.7938489597462057,0.6728857538485719
naics_code_925120,-2.6092845869350307e-06,-0.3964746015595789,0.9963562704585922,-0.5998790596144264
naics_code_926110,-1.6385638162704025e-06,-0.1825148869097173,-0.408987849875739,0.5915043753492726
naics_code_926120,-0.0038358708626052,-0.3306889169424587,0.5610226706205191,-0.2264978828154571
naics_code_926130,-0.0005840364894575,-0.9386909109156952,0.9426476293750476,-0.0033726819698949
naics_code_926140,-5.405497763458233e-05,-0.8452644277402014,0.723553026008835,0.1217654567090012
naics_code_926150,-0.0002596208409287,-0.6855308696548795,-0.1710103079840938,0.8568007984799019
naics_code_942210,-0.0011447593396121,0.8543917367377981,-0.4288271669798686,-0.4244198104183173
naics_code_951299,-0.0006121775495495,-0.3130606778440991,0.5874988747670631,-0.2738260193734139
naics_code_999301,-2.294884242153656e-07,0.4095739056376827,0.2410677731891314,-0.6506414493383895
establishment_type_0,-0.6526735490304433,0.5564917400539745,0.0083342351674427,0.0878475738090232
establishment_type_1,1.9895316850090852,-0.7322371535075531,-0.562402518006528,-0.6948920134951496
establishment_type_2,-0.4482658789333874,0.3951184649545304,-0.0459657551086653,0.0991131690877424
establishment_type_3,-0.1403175573672997,0.084516040878371,-0.014435369115838,0.070236885605264
establishment_type_Unknown,-0.748275183552703,-0.3038889313203364,0.6144695682689018,0.4376945466041329
soc_code_00-9020,-0.0078167212471053,-0.8656126995248725,0.3268626578471968,0.5465667629247805
soc_code_00-9060,-1.647919433936686e-07,0.1292642872826696,-0.0306780716779957,-0.0985860508127304
soc_code_00-9070,-0.0950802721052587,-0.3354243289710237,-0.4271148788909217,0.857619479967204
soc_code_00-9100,-0.0496088358855418,0.2377772585084697,0.0127182194750621,-0.2008866420979899
soc_code_00-9830,-0.0017535451383378,-0.3412862589583869,0.1972403717483709,0.1457994323483534
soc_code_11-1011,-0.2103875493279195,0.1390781073031529,-0.2618840720175832,0.3331935140423501
soc_code_11-1021,-0.8779989368595043,0.1657687743709235,0.0864715931720028,0.6257585693165832
soc_code_11-1031,-7.654122544684953e-07,-0.3078333964526036,-0.2593527825615507,0.5671869444264089
soc_code_11-2011,-7.300884195297377e-06,0.4073491998052861,-0.257987611933316,-0.1493542869877749
soc_code_11-2021,-0.0378257297582738,0.1526004407377836,0.1720198706159689,-0.286794581595479
soc_code_11-2022,-0.4996581104237062,0.1300024055209641,-0.1324645866497022,0.502120291552446
soc_code_11-3013,-0.1159126788976626,-0.3146262842717545,0.1935170736995174,0.2370218894698992
soc_code_11-3021,-0.053381765819607,0.2966929216558787,-0.4624548142074694,0.2191436583711975
soc_code_11-3031,-0.3902485287208894,-0.1236849109374195,0.2279929789982112,0.2859404606600981
soc_code_11-3051,5.373979005317862,-2.130211317545482,-2.1183201421184505,-1.1254475456537434
soc_code_11-3061,-0.8835170714014435,0.1838371409806801,0.4927876119310165,0.2068923184897471
soc_code_11-3071,-1.5624492667584615,0.13968084839216,0.6630741549259742,0.7596942634403253
soc_code_11-3121,-0.2100223443379503,0.2761312650147022,-0.2892677223430214,0.2231588016662693
soc_code_11-3131,-9.303633711334936e-05,-0.4458420439709662,0.0022501714876032,0.4436849088204763
soc_code_11-9013,5.797958500693606,-1.5843523497987764,-2.242716049365065,-1.9708901015298603
soc_code_11-9021,-0.810736028422141,0.0415350827936508,0.5408230155897374,0.2283779300387528
soc_code_11-9032,-0.0008465877940264,-0.0188774048381371,-0.2324945199287698,0.2522185125609332
soc_code_11-9033,-0.0066433358976584,0.0304347397659189,0.18956884806616,-0.213360251934428
soc_code_11-9039,-0.0002548735302183,-0.0458219266627547,-0.3304384342471181,0.3765152344400913
soc_code_11-9041,-0.0958242625038735,0.1659351986865807,0.1214720266077296,-0.1915829627904375
soc_code_11-9051,-0.1073793824419382,-0.1751842614177502,0.2558760279360231,0.0266876159236688
soc_code_11-9071,-0.0001890868635139,-0.0103470981784328,0.1928211112440073,-0.1822849262020605
soc_code_11-9072,-0.113341863264473,-0.4831893873504813,0.1379994667128729,0.4585317839020819
soc_code_11-9081,6.8888458764525335,-2.166650088276062,-2.499483921571695,-2.2227118666047163
soc_code_11-9111,-0.9516503655098236,0.1051118649943267,0.644351162638225,0.2021873378772948
soc_code_11-9131,-0.1569424976972488,0.5973801833364151,-0.2612312179290086,-0.1792064677101577
soc_code_11-9141,-0.0649021488085902,0.0641330607008218,-0.044369461246198,0.0451385493539657
soc_code_11-9151,-0.1344173742162984,-0.1838812596285407,0.2852635228608071,0.0330351109840316
soc_code_11-9161,-0.0014714228279757,-0.2742879538585879,0.2368687730524698,0.0388906036340939
soc_code_11-9199,-0.9557786369897232,0.3040266892387624,0.3798226616893412,0.2719292860616257
soc_code_13-1011,-8.665928732505963e-05,-0.4260928054171727,0.3820170387447097,0.044162425959788
soc_code_13-1022,-0.782829423887423,0.468301577171813,0.5242940565157893,-0.209766209800189
soc_code_13-1023,-0.0054863741677259,-0.1815100200770274,0.1387315938608022,0.0482648003839515
soc_code_13-1041,-0.3306741348424637,-0.250389192863659,-0.0987563779613853,0.6798197056675084
soc_code_13-1051,10.246173147887983,-5.577774024269748,-1.9589016131174408,-2.709497510500639
soc_code_13-1071,-0.5049182769070454,0.1583290564998936,0.269457165460661,0.0771320549464909
soc_code_13-1075,-0.0036049719818564,-0.2579126336204086,-0.1281993895770063,0.3897169951792707
soc_code_13-1081,-0.4105849555597128,0.5880307432748038,0.3520389994175275,-0.5294847871326237
soc_code_13-1082,-0.7646556322081602,0.2139219967982132,0.5002048665098701,0.0505287689000768
soc_code_13-1111,-0.0109648658530582,-0.5265850553745723,0.6077274055104644,-0.0701774842828335
soc_code_13-1121,-0.0046630062784234,-0.0818673229505447,-0.2683890411005515,0.3549193703295195
soc_code_13-1131,-0.0001085331788694,-0.1611539958751719,0.4912624894673267,-0.3299999604132854
soc_code_13-1141,-3.789860092699624e-05,-0.5529323117427396,0.3442582452229533,0.2087119651207136
soc_code_13-1151,-1.5344193839030107,0.1984600954836599,0.7444305615120217,0.5915287269073293
soc_code_13-1161,-0.0065012950474849,-0.0014225748366037,-0.298878890285857,0.3068027601699451
soc_code_13-1199,-0.4718445692419449,0.0671239217413397,0.1721417427511977,0.2325789047494092
soc_code_13-2011,-0.1791538413380911,0.1011856844095079,-0.1420155482918831,0.2199837052204679
soc_code_13-2023,-0.1001310636384014,-0.1425821993167316,-0.1006979450513134,0.3434112080064466
soc_code_13-2031,-5.135601381115473e-09,-0.1961165574677721,-0.1663698666438191,0.3624864292471926
soc_code_13-2081,-8.442226225806416e-08,-0.174009295689603,0.4864228555046226,-0.3124134753927574
soc_code_13-2099,-0.0028859367437336,1.0182389537346732,-0.3527273456361244,-0.6626256713548151
soc_code_15-1211,-0.0072233583659606,0.1994877173207551,0.0845264021866191,-0.2767907611414146
soc_code_15-1212,-0.0135031540465672,0.2655367968051325,-0.3242364580818445,0.0722028153232792
soc_code_15-1232,-0.0147900155446775,0.0705568637225513,0.4831075879801743,-0.5388744361580481
soc_code_15-1241,-0.0001609669041874,0.4411026954906072,-0.379533310005451,-0.0614084185809688
soc_code_15-1244,-0.0493604928067989,-0.1900376084158341,-0.1220626931507163,0.3614607943733501
soc_code_15-1251,-0.0659689508010125,-0.5331380698841702,0.3703199300294654,0.2287870906557177
soc_code_15-1252,-0.0022931651157127,-0.3832129720501901,-0.2784822719411537,0.6639884091070566
soc_code_15-1253,-7.493259115375915e-08,0.4432678241932407,-0.3355559114013901,-0.1077118378592594
soc_code_15-1299,-0.2727660570182766,0.1333523916525281,0.2288457698124266,-0.0894321044466793
soc_code_15-2031,-0.0007181819822213,0.2693788410532537,-0.1663562878703567,-0.1023043712006756
soc_code_17-1022,-0.0462953492106665,-0.0034654119304287,0.401145168059922,-0.3513844069188266
soc_code_17-2011,-1.9655495664062387e-05,-0.1772553713283667,-0.185879892938794,0.363154919762825
soc_code_17-2031,-0.1320351340894359,0.2355711565968213,0.2433013268581279,-0.3468373493655146
soc_code_17-2041,-0.0003996456074655,-0.4407720533797221,0.0271633978582314,0.4140083011289561
soc_code_17-2051,-3.5039981650496e-05,0.1631054096878464,-0.0863959791466082,-0.0766743905595878
soc_code_17-2071,-0.0002925599026172,0.09320498087328,-0.1421378751437907,0.0492254541731281
soc_code_17-2072,-5.450619990657636e-05,0.3838131843027068,-0.1733988225506844,-0.2103598555521156
soc_code_17-2081,-0.0003270764514736,0.7217184537515806,-0.3959130826224326,-0.3254782946776744
soc_code_17-2112,-0.2665386953685685,-0.3903828854204677,-0.0474790338341946,0.7044006146232308
soc_code_17-2121,-5.864652277546892e-05,-0.1874143289727505,-0.2767552650060793,0.4642282405016052
soc_code_17-2131,-0.2345222897346999,-0.1697497680330645,-0.0401242031697272,0.4443962609374913
soc_code_17-2141,-0.0309750283456319,-0.0242994696519576,-0.4489143107195953,0.5041888087171847
soc_code_17-2199,-0.098048624046229,0.0282511355895957,-0.3993711530600629,0.4691686415166973
soc_code_17-3013,-7.757481660212863e-07,0.3956324001540029,-0.1744310367414325,-0.2212005876644044
soc_code_17-3019,-0.0170088646440086,0.231413401783637,-0.0466131704110659,-0.167791366728562
soc_code_17-3023,-0.3954089231900276,0.2559590197824816,0.008296020156457,0.1311538832510878
soc_code_17-3024,-0.1422641373931552,-0.0737184367898766,0.3859961798906055,-0.1700136057075737
soc_code_17-3025,-0.1198244030783461,0.1020761501583386,0.300387181241165,-0.2826389283211572
soc_code_17-3026,-0.0071398965050579,-0.0829981039061533,0.0715479600079372,0.018590040403273
soc_code_17-3027,-0.8961165046294429,0.2224099471439575,0.4207442574315508,0.2529623000539331
soc_code_17-3029,-0.3373919340143124,-0.0529372089734082,0.1546334966232828,0.2356956463644367
soc_code_17-3031,-0.1001310636384014,-0.1425821993167316,-0.1006979450513134,0.3434112080064466
soc_code_19-1013,-0.0037581249636992,0.3008027645227398,-0.0756810557507033,-0.2213635838083369
soc_code_19-1022,-0.0068504666271627,-0.2157715450387398,0.3110015959734657,-0.0883795843075629
soc_code_19-1023,-2.2553813153807085e-05,-0.1306189852247243,0.2475819994493942,-0.1169404604115162
soc_code_19-1031,-2.984983203807011e-06,-0.3617844017563826,0.5678863905591509,-0.2060990038195645
soc_code_19-1032,-0.2201628968723586,-0.0346545393675862,0.2787974648760819,-0.0239800286361371
soc_code_19-1042,-0.5343550891823616,-0.3785786408454792,0.3978573966233338,0.5150763334045081
soc_code_19-2012,-0.000299302995023,-0.3697194601499363,0.4147174199162511,-0.0446986567712915
soc_code_19-2031,-6.930508177098177e-05,0.1039879300692565,-0.5329011722580702,0.4289825472705847
soc_code_19-2041,-0.0334904824621505,-0.8359433029781836,0.5608619083333589,0.3085718771069755
soc_code_19-2099,-0.0210691547560568,0.2191367480937238,-0.0759484525367361,-0.1221191408009311
soc_code_19-3033,-0.0006105639253493,-0.0735500622287276,-0.0899282700377096,0.1640888961917867
soc_code_19-3034,-5.281451610712207e-10,-0.2070788804843448,-0.1043596041510751,0.3114384851635652
soc_code_19-3039,-0.0021451548996692,-0.0774538531878521,0.4568664545778192,-0.377267446490298
soc_code_19-3051,-3.20209639801578e-05,-0.1158703168748817,-0.2278445454702631,0.3437468833091249
soc_code_19-3099,-0.0002093879713086,-0.4282972836219723,0.488062875518333,-0.059556203925052
soc_code_19-4012,-3.536738107679791e-05,0.8067595857980708,0.150201886025968,-0.956926104442962
soc_code_19-4013,-0.6328434016653677,0.1366645649580415,0.2471535670891713,0.2490252696181534
soc_code_19-4021,-1.3533582440485934e-06,-0.2209983673278823,0.4898611951916874,-0.2688614745055612
soc_code_19-4031,-0.0448705373354962,0.2025948258099625,0.2926738291364488,-0.4503981176109132
soc_code_19-4043,-0.0018062267992247,-0.2928678655495337,0.4230313218089231,-0.1283572294601645
soc_code_19-4051,-0.0031062251061482,-0.1183634396117312,-0.1143077653249574,0.2357774300428368
soc_code_19-4092,-1.881158869588669e-09,0.5699253734482592,-0.1547387634549894,-0.4151866081121109
soc_code_19-4099,-0.2185061217276361,-0.5797538447089666,0.2744238521794603,0.5238361142571385
soc_code_19-5011,-0.001687221210015,-0.2028346254352088,0.1402114241649617,0.064310422480262
soc_code_21-1011,-0.0082431381393444,-0.0671104617011855,-0.0216742465275828,0.0970278463681123
soc_code_21-1012,-0.0057073174462834,-0.2921427678957786,0.1387793120260329,0.1590707733160228
soc_code_21-1013,-8.709328031622611e-09,-0.1634543025242318,-0.1738644150722986,0.3373187263058584
soc_code_21-1014,-0.0694630352748552,0.2647470308534375,0.1671609255713012,-0.3624449211498833
soc_code_21-1015,-0.0101392852279986,0.5813201475105165,-0.0761402951205852,-0.4950405671619327
soc_code_21-1019,-0.027717140146768,0.278403169785053,0.1044853083556662,-0.3551713379939805
soc_code_21-1021,-0.0267851535597876,-0.0834565757230274,-0.3219630815330752,0.4322048108158907
soc_code_21-1022,-0.0357898972046248,0.2835623585813407,0.2441952239103709,-0.4919676852870844
soc_code_21-1023,-0.0121522777401592,-0.1791384324646721,0.3203174276184921,-0.1290267174136609
soc_code_21-1029,-0.5733086360232725,0.1674759942317752,0.0931631952713488,0.3126694465201504
soc_code_21-1091,-0.0015393912010583,-0.042908967329194,-0.3747178837425053,0.4191662422727578
soc_code_21-1092,-0.0151556871755277,-0.9982456558835656,0.2691328617245496,0.7442684813345493
soc_code_21-1093,-0.1253654436314593,0.2391113929374835,0.1287720071000639,-0.2425179564060875
soc_code_21-1094,-8.228174830640368e-05,0.3415101704161943,-0.463349294128719,0.1219214054608308
soc_code_21-1099,-0.0223810938154074,-0.5335024704397772,0.4820081188540056,0.0738754454011794
soc_code_21-2011,-0.0515248603852781,0.2955142366231376,0.067232877238294,-0.3112222534761529
soc_code_23-1011,-9.85321917763579e-05,0.2318657293694393,-0.3928889430867869,0.1611217459091238
soc_code_23-2011,-7.535990877997212e-07,0.1797146306722533,0.3304697504943516,-0.5101836275675171
soc_code_23-2099,-0.0002875284830082,0.4610764456052998,-0.7235721531943813,0.2627832360720903
soc_code_25-1000,-0.0604589179596414,0.0843574308678662,-0.7719812006081518,0.7480826876999204
soc_code_25-2010,-0.0005350740905798,0.2877156266433879,-0.3238552713606374,0.0366747188078298
soc_code_25-2020,-0.0049634136087103,-0.1024724874881872,0.0885881281388932,0.0188477729580074
soc_code_25-2030,-0.0002541709715165,-0.1565204125712617,0.0222445841274326,0.1345299994153459
soc_code_25-2050,-0.0054606267170465,-0.2139808898311063,0.1579122745061346,0.0615292420420183
soc_code_25-3021,-4.088526332874422e-07,-0.2589885495080186,0.6335121110200445,-0.3745231526593924
soc_code_25-3031,-3.962508554866807e-05,-0.0812918967287328,-0.1748751234423787,0.2562066452566606
soc_code_25-3041,-3.6607931826984346e-08,-0.4410768065384124,-0.2969089527963586,0.7379857959427031
soc_code_25-3099,-0.1474261569660623,0.174352530773588,0.0438017007775762,-0.070728074585096
soc_code_25-4012,-1.6556683686678352e-05,-0.2481833639853808,0.1218658492265332,0.1263340714425349
soc_code_25-4022,-0.0350014420437164,-0.0310373396987817,-0.1164578020712612,0.182496583813758
soc_code_25-4031,-1.4445767628392543e-06,0.0481743022424703,-0.5127775357810075,0.4646046781152997
soc_code_25-9031,-0.00060081058941,-0.5473060343325724,0.145057720539678,0.4028491243823043
soc_code_25-9040,-0.014552794562998,0.1356991768300413,-0.088073599747357,-0.0330727825196865
soc_code_27-1011,-2.2012221811840554e-05,-0.1863824356480056,-0.2444203330874332,0.4308247809572508
soc_code_27-1012,-3.1123694241766695e-05,-0.2827901648053733,0.3319000654487837,-0.0490787769491688
soc_code_27-1013,-1.4007618657470132e-05,0.2977090089238521,-0.3899679339696524,0.0922729326644577
soc_code_27-1021,-1.9701032855300977e-08,-0.1439425686022543,0.5244071122500098,-0.3804645239467225
soc_code_27-1023,-0.0524816476633607,0.1108599772897308,0.3362441674106293,-0.394622497037002
soc_code_27-1024,-0.0001661748328257,-0.5814011877133836,0.1678118514686489,0.4137555110775602
soc_code_27-1025,-1.3644938880061726e-06,-0.2244849819571643,0.4595620172497774,-0.2350756707987251
soc_code_27-1026,-0.0047040307633895,-0.269318112418721,0.2553342553840954,0.0186878877980168
soc_code_27-1027,-3.049917608489193e-06,0.3418656789240928,-0.3806714752640158,0.0388088462575315
soc_code_27-1029,-1.3978008654344704e-05,0.3851440623578857,-0.2668327587626041,-0.1182973255866275
soc_code_27-2011,-0.0041592071190052,-0.391575000120982,-0.3236966583490675,0.7194308655890569
soc_code_27-2012,-0.0006825591734441,-0.0846786863113739,-0.2477188204970286,0.3330800659818465
soc_code_27-2021,-0.0631131510160328,-0.66125375782762,0.9178672625914376,-0.1935003537478779
soc_code_27-2022,-0.005810524391284,-0.4714275558983186,0.5963599626538586,-0.1191218823642564
soc_code_27-2031,-0.0067900723535083,-0.412617439384898,0.119487087385342,0.2999204243530636
soc_code_27-2042,-0.0024145558911786,0.1265235180237421,0.8250880751979704,-0.949197037330534
soc_code_27-2099,-0.0146383071784715,0.0179832000278198,0.1093519990493778,-0.1126968918987247
soc_code_27-3031,-0.0059226565190749,0.4715699255172779,-0.1384620073390065,-0.3271852616591965
soc_code_27-3042,-0.0005300665232284,-0.3605922728406906,0.1379656814954024,0.2231566578685165
soc_code_27-3091,-0.0273249430670617,0.609931316246314,-0.2395049085299375,-0.3431014646493153
soc_code_27-4011,-0.0007827881964576,0.1475521729044163,-0.6773205956793964,0.5305512109714378
soc_code_27-4014,-0.0003784382656876,0.1681916253981299,-0.2949075065849791,0.1270943194525365
soc_code_27-4021,-0.5416074185056126,-0.2666876992955956,0.8298727252430935,-0.0215776074418823
soc_code_27-4031,-0.0006318143385078,-0.1787427585104173,0.5399242786992535,-0.3605497058503281
soc_code_29-1011,-1.4799491452513245e-06,0.05956719457937,-0.0069724112669147,-0.0525933033633099
soc_code_29-1021,-0.0016724154031725,-0.5600810496571668,-0.434241297684686,0.9959947627450244
soc_code_29-1022,-0.0020678843175521,-0.1117703643628378,-0.0711705299402528,0.1850087786206428
soc_code_29-1031,-0.2321351828307019,0.4409023708080452,0.0436179018869507,-0.2523850898642952
soc_code_29-1051,-0.3417154246848854,-0.0210118065935357,0.0886935236605563,0.2740337076178639
soc_code_29-1071,-0.405926270578559,-0.510064337815949,-0.6393598709113985,1.5553504793059063
soc_code_29-1081,-0.0011041480802257,-0.3401635085833518,-0.1739167558123105,0.5151844124758879
soc_code_29-1122,-0.2680682646693498,-0.0225710724746035,0.7421279275842644,-0.4514885904403072
soc_code_29-1123,-0.4700083758034463,0.287539930105603,0.5263128088196738,-0.343844363121826
soc_code_29-1124,-0.0657503823621768,-0.6035585930009798,0.8063500350766122,-0.1370410597134559
soc_code_29-1125,-0.0182546431273769,0.1114824975452761,0.0170548745628441,-0.1102827289807438
soc_code_29-1126,-2.012760829057465,0.6035733849452548,0.3452512656065797,1.0639361785056254
soc_code_29-1127,-0.1470449230604477,-0.535270509843697,0.4088192077145701,0.2734962251895786
soc_code_29-1129,-0.4900669559458901,0.2053756545510845,0.270127762754677,0.0145635386401323
soc_code_29-1131,-3.933984749045156e-05,0.2219759121767462,-0.1600175821773487,-0.061918990151907
soc_code_29-1141,-3.423812804593637,1.0051660525595498,1.03625628023563,1.3823904717975
soc_code_29-1151,-0.0366653286743326,-0.3041056692778958,-0.228563305146068,0.5693343030982976
soc_code_29-1161,-0.0003135063509259,-0.2242917278719869,-0.0701644020313315,0.2947696362542444
soc_code_29-1171,-0.3845256213055842,-0.2881281489668555,-0.0769376512051397,0.7495914214775783
soc_code_29-1181,-0.0093039165905243,-0.2187780769070716,-0.2129977949864636,0.4410797884840597
soc_code_29-1211,-0.0516910111626751,-0.3105376464147955,-0.694068802323758,1.0562974599012278
soc_code_29-1212,-2.440538601596266e-07,-0.1208918505689086,-0.0957441719796174,0.2166362666023862
soc_code_29-1214,-0.016781725534657,-0.9512873344531506,-0.3960212731378079,1.3640903331256158
soc_code_29-1217,1.113616064050098e-11,-0.1939064393357739,-0.1737226582248999,0.3676290975495376
soc_code_29-1218,-0.0004416257818741,-0.2596758354925351,-0.3083422393637051,0.5684597006381142
soc_code_29-1221,-0.0003344927544106,-0.2212349784810705,-0.0492216177147187,0.2707910889501999
soc_code_29-1222,-0.0010148531437934,-0.3053406336649444,-0.4141605371587157,0.7205160239674538
soc_code_29-1223,-0.0008506081925482,0.1453658868812939,-0.2108812390191438,0.0663659603303982
soc_code_29-1224,-0.0004182458353576,-0.6540998474025016,-0.3118932065361495,0.9664112997740086
soc_code_29-1229,-1.0429195184621678,-0.242178382562376,-0.837183441106198,2.122281342130711
soc_code_29-1241,-5.6546415298976166e-08,-0.1688985225102396,-0.1046613841932947,0.2735599632499497
soc_code_29-1242,-0.0015587052027274,-0.5478305286164782,-0.3796419035812721,0.9290311374004776
soc_code_29-1249,-0.1261805660780187,-0.3848387990796842,-0.5836142220482036,1.0946335872059063
soc_code_29-1291,-0.0008912753224007,-0.2580359389597358,-0.1758189340449931,0.4347461483271297
soc_code_29-1292,-0.0007935721402635,-0.4968045895418785,-0.3301945472381344,0.8277927089202766
soc_code_29-2011,-0.9810356829620726,0.0741063989780451,0.3407929506106769,0.5661363333733457
soc_code_29-2012,-1.3363862509170097,0.2956595906921887,0.2449596918890614,0.7957669683357337
soc_code_29-2031,-0.3611392625657816,0.0607478770221079,0.1916033179431188,0.1087880676005475
soc_code_29-2032,-0.5674301720166541,0.1641947778740711,0.5361477505754179,-0.1329123564328385
soc_code_29-2033,-3.564471077593764e-07,-0.1706953211629232,-0.0841569189713514,0.2548525965813824
soc_code_29-2034,-1.540049143613613,0.4863673508475331,0.8693043304982178,0.1843774622678677
soc_code_29-2035,-0.0313720366203051,0.1936832927587902,0.0837880017224665,-0.2460992578609522
soc_code_29-2036,-3.036338976930777e-05,0.4939678939644655,-0.1555090651941486,-0.3384284653805476
soc_code_29-2042,-1.615846449497835,0.4937714139863387,0.6486045851775186,0.4734704503340897
soc_code_29-2043,-0.7315375113643231,0.3069395928832288,0.2942510239156168,0.1303468945654841
soc_code_29-2051,-0.2326502090821123,0.390698096428959,0.3914812545326566,-0.549529141879504
soc_code_29-2052,-1.4145503231276244,0.5601715054933879,0.689278633479261,0.1651001841549775
soc_code_29-2053,-0.3627104239890346,0.3206599916390443,0.0967091350224263,-0.0546587026724532
soc_code_29-2055,-1.699920994041216,0.2669135287481354,0.3723110900911154,1.0606963752019924
soc_code_29-2056,-0.0014283706350682,-0.8997834522193905,0.0253957609748665,0.8758160618795919
soc_code_29-2061,3.229883452757744,-1.1241386233122788,-1.227159108206728,-0.8785857212391089
soc_code_29-2072,-0.2021589941276775,0.0431919300746583,0.1470902813350064,0.0118767827180127
soc_code_29-2081,-0.0020838539882114,0.4650369739913172,-0.1274126479908416,-0.3355404720122643
soc_code_29-2099,-0.8989734237572035,0.4033453046579348,0.3018114636628478,0.1938166554364645
soc_code_29-9021,-0.0080748386690218,0.2819531524928597,0.3143182498567824,-0.5881965636806202
soc_code_29-9091,-0.0022564643530756,-0.0155283210616759,0.2814113476478558,-0.2636265622331045
soc_code_29-9093,-0.4635514709378906,0.452147542626395,-1.060960276999185,1.0723642053106817
soc_code_31-1121,-0.0042300739408965,-0.34492742456664,0.3247250592977156,0.0244324392098224
soc_code_31-1122,-0.9093355994315572,0.4026141302766828,0.4484894107532073,0.058232058401768
soc_code_31-1131,-2.1845692499079163,0.895587110971225,1.0139584487129456,0.2750236902231564
soc_code_31-1132,-0.916303839480965,0.7307326358918262,0.5889488692783935,-0.4033776656892689
soc_code_31-1133,-0.2417598778198436,0.3989371856962955,0.0201386719080739,-0.1773159797845193
soc_code_31-2011,-0.0552387654460907,0.5768635733724523,0.2329623536616367,-0.7545871615879978
soc_code_31-2021,-0.1646276098818087,0.029809791403378,0.5697750486876239,-0.4349572302091941
soc_code_31-9011,-0.4182664614179445,0.5391483372473277,0.159832188663435,-0.2807140644928183
soc_code_31-9091,-0.0235648797360969,-0.207811907011587,0.0605707257299495,0.1708060610177334
soc_code_31-9092,-0.6394712937689814,-0.2413902583909905,0.3520604130321394,0.5288011391278309
soc_code_31-9093,-0.8648863955736642,0.3030670209639895,0.0923612009230583,0.4694581736866194
soc_code_31-9094,-0.0007019382354505,0.3516632280656449,-0.3566660067528825,0.005704716922688
soc_code_31-9095,-0.0007054035853051,-0.3102810001345208,0.2289381374819582,0.08204826623787
soc_code_31-9096,-0.0006504731978758,-0.2652558118787959,-0.4358299026148698,0.7017361876915418
soc_code_31-9097,-1.925337546927136,0.2167271338314922,-0.0383764266549694,1.7469868397506074
soc_code_31-9099,-0.6114741705847849,0.4223317722999756,0.1185457893747605,0.0705966089100553
soc_code_33-1011,-0.0002632082398158,-0.121634277493069,-0.290422315667255,0.4123198014001404
soc_code_33-1012,4.125925848009133,-1.2724013175289548,-1.5312305579961556,-1.322293972483725
soc_code_33-1021,-0.4237763189863378,0.4113131893599422,-0.2759872275781789,0.2884503572045718
soc_code_33-1091,-0.1105826039210757,0.0605085944619125,0.1827430283018714,-0.1326690188427062
soc_code_33-1099,-3.171309252148635e-05,0.1027873196126441,-0.2259305343798034,0.123174927859681
soc_code_33-2011,1.750572339995185,-0.7697364323289663,-0.3753092046986842,-0.6055267029674003
soc_code_33-2021,-0.0006285685533946,-0.2629192345228965,-0.4503845350332675,0.713932338109559
soc_code_33-2022,-0.0004333529659039,0.0307990184026735,0.0179562459298783,-0.0483219113666482
soc_code_33-3011,-3.929211265691571e-07,-0.2024332213256911,0.5554710034649084,-0.3530373892180906
soc_code_33-3012,-1.6592332051268768,0.9321906784580064,0.2574873858882756,0.4695551407805935
soc_code_33-3021,-0.3258276861095814,-0.0159766884605999,0.2642958357905745,0.0775085387796056
soc_code_33-3041,-0.0002006434137879,0.4354721543154248,-0.0873307363879952,-0.3479407745136418
soc_code_33-3051,-2.4610276224538388,0.932952575833134,0.7251004226036467,0.8029746240170884
soc_code_33-3052,-3.397130395470273e-05,-0.5922464678459667,0.2785427844579971,0.3137376546919239
soc_code_33-9011,-0.581390870670471,-0.0511842101119447,0.2593185376240163,0.3732565431583994
soc_code_33-9021,-1.6898621341764488e-05,0.0827721302852414,-0.1353637158997657,0.052608484235866
soc_code_33-9031,-0.6004762156802997,0.2672094299184618,0.2376061578245149,0.095660627937323
soc_code_33-9032,-1.596997124043782,0.6541388354741958,0.58165211856748,0.3612061700021606
soc_code_33-9091,-0.6704177982047863,0.6886372861678607,-0.3364521527007221,0.3182326647376474
soc_code_33-9092,-0.1501115077682421,0.0205758641275053,0.1177267937207368,0.0118088499200009
soc_code_33-9093,-0.0001540094227958,0.8523075778056399,-0.4120310798830693,-0.4401224884997743
soc_code_33-9099,-0.0794347411351835,0.4736714762289409,-0.5596778838617602,0.165441148768002
soc_code_35-1011,-0.3769816604941406,-0.0943473449958992,0.4228545697455377,0.0484744357445092
soc_code_35-1012,-1.313267790174148,0.458114874703985,0.7442309618607925,0.1109219536093596
soc_code_35-2011,-1.3562939890285064e-05,-0.1908266775645216,-0.1642335955407864,0.3550738360451984
soc_code_35-2012,-1.0634572689753845,0.5060406720497709,0.4245765562351793,0.1328400406904497
soc_code_35-2013,-4.694714997167513e-05,-0.4427544829650233,0.2351653685157635,0.2076360615992315
soc_code_35-2014,-1.3255229404158744,0.5756393690828427,0.4201071047787516,0.3297764665542863
soc_code_35-2019,5.699573794484823,-2.1703306284643173,-1.5916165380420983,-1.9376266279781724
soc_code_35-2021,6.358336846691509,-2.0284317566649364,-1.9038683833092875,-2.426036706717296
soc_code_35-3011,-1.509428958340303,0.4574506968115115,0.5088092462329068,0.5431690152958835
soc_code_35-3023,-1.3777322677387107,0.5162623529569962,0.4283545480753936,0.4331153667069375
soc_code_35-3031,-0.4585285513697604,0.4313375919377786,0.0580010028808887,-0.0308100434489076
soc_code_35-3041,-1.2596209514776486,0.7179306696258625,0.4790718050913021,0.0626184767604925
soc_code_35-9011,-0.5683405768504755,0.2829011458022042,0.3677812615101881,-0.0823418304619156
soc_code_35-9021,-0.4038953336472992,0.0379369997895778,0.3202057980974009,0.0457525357603261
soc_code_35-9031,-0.1453555610781322,0.4048076896031404,0.0828846641878311,-0.3423367927128381
soc_code_35-9099,-0.0012295010396347,-0.4989029783106311,0.2720141738740879,0.2281183054761772
soc_code_37-1011,-0.5134759943720548,0.2344555957513893,0.2212533229550188,0.0577670756656483
soc_code_37-1012,-0.000639123678975,0.2804723756734671,-0.5195565927030958,0.2397233407086038
soc_code_37-2011,4.149812964049658,-1.237336521101252,-1.409939960573762,-1.5025364823743024
soc_code_37-2012,-1.8997197957069645,0.9383562815332256,0.5925278948989838,0.3688356192748702
soc_code_37-2019,-1.3777407786511906,0.7955173409041865,0.4484214845343134,0.1338019532126899
soc_code_37-2021,-0.0039002106367773,0.0065220351791939,0.020526816152839,-0.0231486406952555
soc_code_37-3011,-0.3730951852099235,0.2048604934318838,0.2836662655872734,-0.1154315738092373
soc_code_37-3012,-0.0001042972450931,0.4165377733194804,-0.4100922560225473,-0.0063412200518398
soc_code_37-3013,-0.7644626462168862,1.0959278524104985,-0.1106907761362021,-0.2207744300574113
soc_code_37-3019,-3.359976351860646e-09,0.3062301823460169,-0.107646509231891,-0.1985836697541495
soc_code_39-1013,-0.0001640459530425,-0.2268658989980151,-0.1624265555055632,0.3894565004566212
soc_code_39-1022,-3.901276182091935e-05,-0.1705509848280807,0.41462535328022,-0.2440353556903184
soc_code_39-2011,-1.5948060857501564e-06,-0.3080444262614273,0.3183794200055473,-0.0103333989380344
soc_code_39-2021,-0.8372728942733493,0.5196694991703177,0.2869526208057917,0.0306507742972382
soc_code_39-3011,-0.0148364041329393,0.379504591601045,-0.1235009525610993,-0.2411672349070067
soc_code_39-3012,4.5938293628376814e-11,-0.1766844283284368,0.423233964475925,-0.2465495361934264
soc_code_39-3019,-3.8823957269870595e-09,-0.2021834599004116,0.2202759438435045,-0.0180924800606975
soc_code_39-3031,-0.0056663694067432,0.1284014539087372,0.1213459303978828,-0.2440810148998766
soc_code_39-3091,-0.6109612871182338,0.3695995505657136,0.2383061092578129,0.003055627294668
soc_code_39-3092,-5.324146017536879e-05,0.0824833577471264,0.2155968135747531,-0.2980269298617038
soc_code_39-3099,-0.0006267787800324,0.3465954192356384,0.1725792212414633,-0.518547861697069
soc_code_39-4021,-1.0280488696952326e-06,0.3825799207072252,-0.1143318666684569,-0.2682470259898985
soc_code_39-5012,-0.0137758421984929,0.0241823938555968,-0.2104580335032621,0.2000514818461581
soc_code_39-5092,-2.2972821613286872e-05,0.4711374315938717,-0.2946448821812555,-0.1764695765910028
soc_code_39-5094,-6.314838606204918e-05,-0.3896952609538328,0.0754017664408188,0.314356642899076
soc_code_39-6011,-0.4686099246705789,0.1994844046801495,0.2117539537944003,0.057371566196028
soc_code_39-6012,-0.0383881244662643,0.0080781221083538,0.0280825484261695,0.0022274539317418
soc_code_39-7011,-0.0028896753586664,0.3243629933947805,-0.1970212205324286,-0.1244520975036855
soc_code_39-9011,-0.0243792069184306,0.3538952900753504,-0.0230198450890271,-0.3064962380678913
soc_code_39-9031,-0.0135878874080866,0.5013111652125425,-0.511451751074728,0.0237284732702719
soc_code_39-9032,-0.2761614283470797,0.174208594972882,0.1917615397022249,-0.0898087063280225
soc_code_39-9041,-0.0248850836251881,0.254101048441754,0.0423836355661604,-0.2715996003827263
soc_code_39-9099,-0.0153853198668671,-0.0411915564619774,-0.2590439774750069,0.3156208538038517
soc_code_41-1011,5.64169214029323,-1.8591277556688253,-1.81827302699152,-1.964291357633681
soc_code_41-1012,-0.2467508580383545,0.0263977495737049,0.1607784020109394,0.0595747064537093
soc_code_41-2011,-1.1707068126085702,0.3353041428955624,0.6324386793115777,0.2029639904012126
soc_code_41-2012,-0.0010411406713674,0.4742720690394426,-0.1876343583030916,-0.2855965700649888
soc_code_41-2021,-0.2086159297698365,0.6605039264449768,0.2192079386136451,-0.6710959352887846
soc_code_41-2022,-0.1961026810971192,-0.3722002858813188,0.5955783266338817,-0.0272753596554432
soc_code_41-2031,-1.1854835183889545,0.3693277166338412,0.5400768200366394,0.2760789817186708
soc_code_41-3011,-0.0006414121151593,0.0505068394465533,-0.4105027159711857,0.3606372886397914
soc_code_41-3091,-0.1974818432151797,0.6977206058890166,-0.3676592734154644,-0.1325794892583705
soc_code_41-4010,-1.1396648082953915,0.5004997405541557,0.4248917311187046,0.214273336622525
soc_code_41-9011,-6.688536080838227e-07,0.5828351795552223,-0.2121425892578284,-0.3706919214437858
soc_code_41-9022,-0.0096927970343047,-0.1664987690770845,-0.1437842539516792,0.3199758200630686
soc_code_41-9091,-0.0013072858018439,0.1129541037581611,-0.4483627395665466,0.3367159216102298
soc_code_41-9099,-0.0370356207789573,0.092043526210628,0.2544339350898893,-0.30944184052156
soc_code_43-1011,-1.1949412325422526,0.3163812196963709,0.418152341975166,0.4604076708707134
soc_code_43-2011,-0.179365831673941,0.550779713991333,-0.4462638443041059,0.0748499619867145
soc_code_43-2021,-5.071971822826045e-05,0.2543534102730815,-0.2134852314299992,-0.0408174591248541
soc_code_43-3011,-0.0193631578604962,-0.0310409567613239,0.2616873819996047,-0.2112832673777853
soc_code_43-3021,-0.0961845093762696,0.0567768751824239,0.5294736574108848,-0.49006602321704
soc_code_43-3031,-0.4332646413088761,-0.0533034260068062,-0.2059091100586719,0.6924771773743533
soc_code_43-3041,-8.623949291537147e-05,0.0003809358647214,0.1363363864920594,-0.1366310828638656
soc_code_43-3051,-0.02997637931682,-0.4092394593177387,0.3129856055133976,0.126230233121161
soc_code_43-3061,-0.0023344998863619,-0.1845793721129995,-0.210080062232957,0.396993934232318
soc_code_43-3071,-0.0515636556480667,-0.1347498806318528,-0.1437918596381551,0.3301053959180747
soc_code_43-3099,-0.0010416918253422,0.4090740897856365,-0.2061959604159497,-0.2018364375443445
soc_code_43-4021,-0.0003298478745531,-0.1659616457968783,0.5164031015195109,-0.3501116078480792
soc_code_43-4031,-6.746787880121361e-08,-0.1693791253333726,0.3848665642985426,-0.2154873714972911
soc_code_43-4041,-0.0019123062054279,0.2130681472136745,-0.6807830562176016,0.4696272152093551
soc_code_43-4051,-1.4123647708945797,0.5118047088099779,0.9148590108874102,-0.0142989488029104
soc_code_43-4061,-1.5298022945691647e-05,0.2938547877827417,-0.333883967786447,0.0400444780266511
soc_code_43-4071,-0.0012573065298644,-0.2416257942067779,-0.0172251486978661,0.2601082494345093
soc_code_43-4081,-0.2224952926544065,0.1473680689641391,-0.1623038850833036,0.23743110877357
soc_code_43-4111,-0.2064759058000149,0.2677227901010457,0.237045150367412,-0.298292034668444
soc_code_43-4121,-2.9864759528406265e-05,0.2652339505007042,0.1655519332330274,-0.4307560189742034
soc_code_43-4131,-1.2210889409835028e-05,0.3831846277269699,-0.1323556097316359,-0.2508168071059241
soc_code_43-4151,-0.0071459503978472,-0.0305061263160365,0.2127081210128849,-0.1750560442989977
soc_code_43-4161,-0.0047095353681975,-0.0672803379028268,0.0896776678298328,-0.0176877945588086
soc_code_43-4171,-0.212083544997941,0.3424167127583902,-0.0428399630835264,-0.087493204676919
soc_code_43-4181,-0.3382250746380487,0.0237903176308759,0.3800779801561679,-0.0656432231490031
soc_code_43-4199,-0.0024887112322233,-0.1057146077318291,0.8951666168846634,-0.7869632979206104
soc_code_43-5011,-0.8375957332677079,0.5415730343186962,0.4544525437998497,-0.1584298448505342
soc_code_43-5021,-2.3315195080740345,1.3064932733223298,0.2459973609449696,0.7790288738088094
soc_code_43-5031,-0.6397472253474854,0.410879769990292,-0.1254212089694234,0.3542886643266165
soc_code_43-5032,-0.6518950545508637,0.1414316541095981,0.0416247697149329,0.4688386307263335
soc_code_43-5041,-0.0002988318989279,-0.1510213337461589,0.2474950691903514,-0.0961749035452652
soc_code_43-5051,0.3523637069902239,-0.0653166535838978,0.0350603591650586,-0.3221074125714997
soc_code_43-5052,1.4504761519395275,-0.3431393700275527,-0.4948077097785565,-0.6125290721330181
soc_code_43-5053,-0.9028525634397472,0.8096890233472686,0.3410216282400002,-0.2478580881475209
soc_code_43-5061,-0.6476067511809241,0.2672841741976002,0.2191037872548293,0.161218789728493
soc_code_43-5071,-2.5846314447996,0.9327052879402457,0.9315448435776528,0.7203813132817076
soc_code_43-5111,-0.010365631853355,0.1883228596981003,0.0439085220463687,-0.2218657498911142
soc_code_43-6011,-0.1251420993461202,-0.0928318456583374,-0.3203064646074249,0.5382804096118826
soc_code_43-6013,-0.3456742099195711,0.2504497976401949,0.2637797573592447,-0.1685553450798687
soc_code_43-6014,-0.2125831523158688,-0.0292288382147948,0.0914252672844547,0.1503867232462069
soc_code_43-9021,-0.7125734200531305,0.2053882477883099,0.4244085919297326,0.0827765803350875
soc_code_43-9022,-0.0019464829681582,-0.4005708729399035,-0.320979294805507,0.723496650713569
soc_code_43-9041,-0.0002682920394766,-0.3730370556111357,0.2065043406590982,0.1668010069915141
soc_code_43-9051,-0.0002847470720184,-0.2658824673536094,0.1824031978087041,0.0837640166169236
soc_code_43-9061,-0.6271734417752156,0.1946323265155949,0.3690673134441631,0.0634738018154467
soc_code_43-9071,-5.7466374973345375e-06,-0.2960036543278272,0.5125119498960395,-0.2165025489307151
soc_code_43-9081,-0.0002454110390766,-0.255424751552285,-0.2325372510862727,0.4882074136776344
soc_code_43-9199,-1.06873505407242,0.3865077884022802,0.4901689347354161,0.1920583309347198
soc_code_45-1011,-1.3688000802063836,0.2976409583282791,0.6075523222806449,0.463606799597461
soc_code_45-2011,8.16657764422779,-2.687950886144685,-2.473465094338359,-3.0051616637447043
soc_code_45-2021,-0.0002528399903858,0.2218557865963412,-0.1722934234998981,-0.0493095231060571
soc_code_45-2041,-0.0480322304139526,0.1686834557244655,0.1614027452716564,-0.2820539705821706
soc_code_45-2091,-0.0091504110751687,0.1136586788466894,0.0367268693012267,-0.1412351370727464
soc_code_45-2092,4.22343388240857,-1.2727893517297764,-1.4068373973560442,-1.5438071333225012
soc_code_45-2093,-0.1641071300535859,0.2107119499465352,0.1188471577634271,-0.1654519776563765
soc_code_45-2099,-4.232734977360264e-07,-0.3260738939543889,-0.4341714036212976,0.7602457208491843
soc_code_45-3031,-0.0008301050717554,0.2855134247862949,-0.7788218794643397,0.4941385597497998
soc_code_45-4011,-9.744456625265835e-05,0.0590342816770586,-0.0079790026443796,-0.0509578344664266
soc_code_45-4021,-0.956178003633657,0.4014654291339855,-0.1193231333907337,0.6740357078904053
soc_code_45-4022,-0.7881431092562642,0.4708942237005556,-0.4423797460537817,0.7596286316094901
soc_code_45-4029,-0.8272413241541865,0.4101050426991798,0.1789680368989457,0.238168244556062
soc_code_47-1011,2.222873327067713,-0.7438527284668738,-0.5089745438740229,-0.97004605472693
soc_code_47-2011,-0.0924051708927218,-0.1732674962027959,-0.1161484006939835,0.3818210677895001
soc_code_47-2021,7.992916934129889,-1.836088561315369,-3.1417344869603823,-3.0150938858542244
soc_code_47-2022,-1.8705513039790767e-05,-0.2390116600071485,-0.1273782527394606,0.3664086182596488
soc_code_47-2031,-0.2986537256760824,0.1734276438270001,0.3541012027408617,-0.2288751208917702
soc_code_47-2041,-1.363480596521994e-05,0.201044674205676,-0.4468639204340225,0.2458328810343114
soc_code_47-2043,-0.0001518153518424,-0.6128643101099815,0.5725717575434638,0.0404443679183603
soc_code_47-2044,-0.00050948411893,0.3676772704650085,-0.020683656772728,-0.3464841295733505
soc_code_47-2051,-1.8578089604916117,0.5984509057444655,0.8707864337065735,0.3885716210405708
soc_code_47-2061,3.1794721914598,-0.7288083101046949,-1.1668864064109747,-1.2837774749442763
soc_code_47-2071,-0.1248792891833607,0.4233892397223866,-0.0055701455357851,-0.2929398050032408
soc_code_47-2073,-1.0475123170901548,0.4859210733000925,0.6099403340404426,-0.0483490902503775
soc_code_47-2081,-1.1619398626371022,0.5812386186259043,0.6488318096072557,-0.0681305655960581
soc_code_47-2082,-0.0001425804648878,0.6309283649151348,-0.0670214861748551,-0.5637642982753919
soc_code_47-2111,5.804718092678209,-2.0056196953262755,-1.8127765495743569,-1.986321847777448
soc_code_47-2121,-0.0023318755165195,-0.0865390965321615,0.2311288952436122,-0.1422579231949327
soc_code_47-2131,-0.0236398549470478,0.4434836444959736,0.0298839780833867,-0.449727767632313
soc_code_47-2141,-1.5471236649915872,0.7749234601057062,0.528010809889165,0.2441893949967144
soc_code_47-2142,-3.589177520504484e-12,-0.1744149404249546,-0.3504717053377114,0.5248866457662549
soc_code_47-2151,-0.053943547735523,0.0601217063669091,0.2732556787471833,-0.2794338373785697
soc_code_47-2152,-0.9339390049769392,0.5565062114736132,0.3819984290638922,-0.0045656355605678
soc_code_47-2181,-0.3955084506556344,0.4073705510817436,0.2160631214021,-0.2279252218281894
soc_code_47-2211,-0.3049575766367031,0.2933718756179041,-0.0767964000193852,0.0883821010381842
soc_code_47-2221,-0.5411815186013431,0.12299218503838,0.1706461977813528,0.2475431357816092
soc_code_47-2231,-6.641585860856052e-05,0.0597955803006519,-0.3107188321932823,0.2509896677512387
soc_code_47-3012,-0.2380084256561133,-0.5993191111533942,0.717257721881506,0.1200698149280014
soc_code_47-3013,-0.0280374917095364,-0.443540422719351,0.4500126053500376,0.0215653090788498
soc_code_47-3014,-0.0085147623152724,0.1646790183945728,-0.0994115493972766,-0.0567527066820239
soc_code_47-3019,-0.0016450513364293,0.2070394090829357,-0.3417668344991404,0.1363724767526341
soc_code_47-4011,-0.004155492307011,0.0688148315180941,-0.2732926194704718,0.2086332802593888
soc_code_47-4031,-0.0001797975680083,-0.2742536828423866,0.6362907657405203,-0.3618572853301253
soc_code_47-4041,-0.3149960148786512,0.3653321222691016,0.4662879613364091,-0.5166240687268588
soc_code_47-4051,3.2340687827795462,-1.2523532549949925,-1.0411058463750589,-0.9406096814093996
soc_code_47-4061,-1.5208490874479232e-07,0.1248604223869482,-0.0708863108788504,-0.0539739594231892
soc_code_47-5023,-8.27242021161274e-08,0.2006438379014278,-0.2798639054398131,0.0792201502625873
soc_code_47-5032,-0.0014800568977533,-0.2864912533869101,0.3635945996357054,-0.0756232893510424
soc_code_47-5049,-1.310457054662862e-06,-0.3645630911733761,0.831984006881301,-0.4674196052508702
soc_code_47-5099,-6.581734479083648e-08,0.0591937745948134,0.2422499350351317,-0.3014436438126003
soc_code_49-1011,-1.4811106649988277,0.3631024632750655,0.348720715841762,0.7692874858820039
soc_code_49-2011,-9.830946838128663e-05,0.1916717442708106,-0.0313992980674209,-0.1601741367350085
soc_code_49-2021,-3.195544939243943e-05,0.2233477863232127,0.2878275083194666,-0.511143339193287
soc_code_49-2022,-0.0145925854122095,0.3734956121746514,-0.0364174360751169,-0.3224855906873253
soc_code_49-2091,-0.0023434718535047,-0.4232155225198523,0.2559501397633983,0.1696088546099583
soc_code_49-2092,-1.3559585555357766e-05,0.2347022717600043,0.0448814372532145,-0.2795701494276638
soc_code_49-2095,-4.085607374624481e-10,0.3274495410436294,-0.120502634422495,-0.2069469062125736
soc_code_49-2096,7.291745306276385,-2.594241793997204,-2.358717246420303,-2.3387862658586216
soc_code_49-2098,-1.1768485426988804e-05,-0.1568572360032842,0.3368659979336761,-0.1799969934449647
soc_code_49-3011,-0.0776895550364931,0.2355898619851998,-0.4124104668218271,0.2545101598731342
soc_code_49-3021,-0.1663453640563871,0.0637049275772645,0.4646526556115456,-0.3620122191324222
soc_code_49-3022,-1.2506972503848008e-05,-0.2512696169895437,-0.3492034107185922,0.6004855346806398
soc_code_49-3023,-1.9656466696177464,0.7112609725515044,0.6120037863389259,0.6423819107273333
soc_code_49-3031,3.958753069566463,-1.29919444864226,-1.4542671850333206,-1.205291435891109
soc_code_49-3041,-0.0047221911456329,-0.2158373531565484,0.2232745052085414,-0.0027149609063604
soc_code_49-3042,2.90748983094054,-1.0242435254199442,-0.8946481615902511,-0.988598143930268
soc_code_49-3043,-0.0360157340023853,-0.1345312291124178,-0.2619824003507129,0.4325293634655162
soc_code_49-3053,-0.282837389327376,0.6386845713639968,0.0739808593059417,-0.4298280413425623
soc_code_49-3091,-0.0001042168118238,0.2628825270634318,-0.0686941931490316,-0.1940841171025764
soc_code_49-3092,-1.5611529992522492e-06,-1.1533301976517405,0.7773986997747436,0.3759330590299923
soc_code_49-3093,-1.360983940578312,0.4186389175456251,0.4825380088236408,0.4598070142090441
soc_code_49-9011,-5.396909859337043e-07,-0.4834512229320208,0.0860418606124927,0.397409902010514
soc_code_49-9012,-0.0329154280173532,-0.5101871535732424,0.0346785781591984,0.5084240034313977
soc_code_49-9021,-0.0353464731305065,0.4102983714403447,-0.0689506525025269,-0.3060012458073099
soc_code_49-9031,-0.0001135156199333,0.3832512349523705,-0.380898261350778,-0.0022394579816594
soc_code_49-9041,-3.745639598859169,1.262587232643821,1.1020492410064089,1.3810031252089183
soc_code_49-9043,-0.0005472770153018,-0.0170764633983643,-0.4055802629434777,0.4232040033571443
soc_code_49-9044,-1.8600264093155143,0.4672826375289772,0.4420143513117252,0.950729420474816
soc_code_49-9051,-0.0005398098478671,-0.2265157677505394,-0.3118969974455604,0.5389525750439678
soc_code_49-9052,-0.0046758202823067,0.3892727674658311,0.0814633688865498,-0.4660603160700735
soc_code_49-9062,-0.4548542546482941,-0.0391269911421979,0.3655077659587888,0.128473479831703
soc_code_49-9069,-0.0949432726002332,-0.5687945548772063,0.4021511100867517,0.2615867173906898
soc_code_49-9071,-2.05392726589177,0.7355726881238069,0.7376369560569433,0.58071762171104
soc_code_49-9091,-0.0083680318782485,-0.4012176773483391,-0.2121077174757175,0.6216934267023052
soc_code_49-9094,-0.000630515887556,-0.0192810043866037,0.2923099124633467,-0.272398392189187
soc_code_49-9096,-0.270741706852496,0.245977293373283,0.0328426663088018,-0.0080782528295888
soc_code_49-9097,-6.57704957817698e-11,0.2770053030841829,-0.0892499290899117,-0.1877553739285005
soc_code_49-9098,-0.0001191152976867,-0.2672801829930284,0.0367730545613445,0.2306262437293705
soc_code_49-9099,-0.1191822951224539,-0.205355466142192,0.2502186258258554,0.0743191354387962
soc_code_50-2099,-0.0005841026708854,0.4395449990929932,-0.5739427819382997,0.1349818855161936
soc_code_51-1011,3.044865977794473,-1.0749661277034643,-1.1362941174115766,-0.8336057326793481
soc_code_51-2022,-0.0001513905016469,-0.46347493542597,0.1132855895012125,0.3503407364264059
soc_code_51-2031,-0.1243700664820735,-0.4661079805569749,0.87126268359959,-0.2807846365605417
soc_code_51-2041,-0.2357089364674343,0.2540951711237426,0.0171450449609848,-0.0355312796172913
soc_code_51-2051,-0.0017329810372287,-0.1487984526417367,0.3684297786860458,-0.217898345007079
soc_code_51-2092,-1.5323014324481423,0.7355538090115523,0.4098039562521945,0.3869436671843911
soc_code_51-2099,1.9978262898395471,-0.5980789878108841,-0.5154615289785945,-0.8842857730498019
soc_code_51-3011,5.743800019995899,-1.9899417099031096,-1.669633466138771,-2.084224843953949
soc_code_51-302,-0.0014165942966349,0.1666101884218678,-0.4489272726752555,0.2837336785500216
soc_code_51-3021,-0.3060410487165478,0.2700262712048169,0.2309780462972595,-0.1949632687855347
soc_code_51-3022,-2.220626894854792,0.7075284956393384,0.9250767338419552,0.5880216653735099
soc_code_51-3023,-0.0464210759961858,-0.3343423874688275,0.358947033152619,0.0218164303123954
soc_code_51-3091,-0.0008055265679666,0.4765974595544007,0.1237070894692549,-0.5994990224556888
soc_code_51-3092,-2.4937214830119814,0.8625393407736724,0.8256012503545468,0.8055808918837649
soc_code_51-3093,-0.0002936837746788,0.0901689206115722,0.2291089951397218,-0.3189842319766156
soc_code_51-3099,3.254556694534263,-1.021135305551415,-1.0005529783870046,-1.2328684105959224
soc_code_51-4021,-0.5432094543971396,0.1939725893689668,0.2904331203086107,0.0588037447195624
soc_code_51-4022,-0.0109312790919375,0.3352565253432938,-0.1005061925187804,-0.2238190537325751
soc_code_51-4023,-0.0321908198224937,-0.0253207110408081,-0.0400054677597642,0.0975169986230639
soc_code_51-4031,-1.7919320282654894,0.6957744104977805,0.520476316709755,0.5756813010579527
soc_code_51-4032,-0.0009526703322555,-0.0669225398481084,-0.137752123636569,0.2056273338169333
soc_code_51-4033,-0.9440862033198902,0.1633896442225456,0.1262432614759506,0.6544532976213951
soc_code_51-4034,-0.5368620095576093,0.459531955229335,-0.2111663383330083,0.2884963926612823
soc_code_51-4035,-0.8729092119884972,0.9204538658880552,-0.2681552217612985,0.2206105678617402
soc_code_51-4041,-2.8549324049298788,0.9603887729846122,0.8113167416307103,1.083226890314549
soc_code_51-4051,-0.8254576055642385,0.6553812139905577,0.181051373487939,-0.0109749819142569
soc_code_51-4052,-0.0064877793862869,0.0549456214963517,-0.2451647551617448,0.1967069130516805
soc_code_51-4061,-0.2204198904353504,0.0329833759076138,-0.2827148267824559,0.4701513413101923
soc_code_51-4062,-6.899076742335003e-05,0.0390748105602574,-0.1558406463760806,0.1168348265832464
soc_code_51-4071,-0.0147112108090973,-0.5989539820604431,0.2572194864545605,0.3564457064149817
soc_code_51-4072,-2.241280145714164,0.9172025040340862,0.818421049015779,0.5056565926642981
soc_code_51-4081,-0.0889352238509987,0.921661363138674,-0.2592540210933671,-0.5734721181943074
soc_code_51-4111,-0.0485316218232868,-0.239713868756567,0.068710887707215,0.219534602872637
soc_code_51-4121,-2.464124463021574,0.8179017008774875,0.728376302464984,0.9178464596790952
soc_code_51-4122,-0.100064991700222,-0.4393234846929186,0.368391832631858,0.1709966437612818
soc_code_51-4191,-0.0065526583385126,0.3800401400479399,-0.0927883606587788,-0.2806991210506495
soc_code_51-4192,10.06268824708218,-3.4158276167857173,-3.3221721767210424,-3.324688453575651
soc_code_51-4193,-0.0083526091002803,0.4610031242050814,-0.2968769716093262,-0.1557735434954748
soc_code_51-4194,-1.6428888925260112,0.9444923592375192,0.6526734237044878,0.0457231095840031
soc_code_51-4199,0.2157685279257008,-0.0485598281824643,-0.0073608871433479,-0.1598478126000498
soc_code_51-5111,-0.0001006900137347,0.1000514001806324,-0.7051543711947084,0.6052036610278108
soc_code_51-5112,-0.0334825149578618,-0.1211823243707421,-0.325650831972441,0.4803156713010461
soc_code_51-5113,-0.0001474118953384,-0.2698338652932681,-0.270964850563352,0.5409461277519588
soc_code_51-6011,-0.6517876105416822,0.4645521397807577,0.4882343945955443,-0.3009989238346252
soc_code_51-6021,-0.0003310763836049,0.1971686157781588,0.0727631459355977,-0.2696006853301519
soc_code_51-6031,-0.1898599066126211,0.1381810178256788,-0.4946381717922853,0.5463170605792312
soc_code_51-6041,-3.794516367925173e-08,-0.1627353298071849,-0.2495244846870049,0.4122598524393537
soc_code_51-6042,-0.0060763285096952,0.2323045365600729,0.9885537038259222,-1.2147819118762997
soc_code_51-6052,-0.0024213704075372,0.1327648465248703,0.0718301955856803,-0.2021736717030135
soc_code_51-6061,-2.7018218474017463e-05,-0.2556378369031943,-0.242519279606197,0.4981841347278654
soc_code_51-6062,-0.0042217758940993,0.0941831123070448,-0.5484882193019024,0.4585268828889572
soc_code_51-6063,-5.851676701629955e-07,-0.2779820148872289,0.0192043810414452,0.2587782190134539
soc_code_51-6064,-0.0150699928242002,0.4778465698528499,-0.1567438278047189,-0.3060327492239317
soc_code_51-6091,-3.614599426154256e-07,0.2050228057147063,-0.4080182056066619,0.2029957613518987
soc_code_51-6093,-0.198843610532947,-0.0660431887662743,0.1083622869565448,0.1565245123426801
soc_code_51-6099,-0.0005047246463189,-0.3921048368371445,0.9382166211663284,-0.5456070596828653
soc_code_51-7011,-0.0851254429661124,0.51056659983562,-0.8863611280241207,0.4609199711546141
soc_code_51-7021,-0.0007273740250126,0.3832195083357902,0.097225839206486,-0.4797179735172637
soc_code_51-7041,-3.326119485939852,1.4122118968051816,0.8968543615017549,1.0170532276329067
soc_code_51-7042,-0.7847474470296079,0.2371667506392718,0.3893081064975003,0.1582725898928465
soc_code_51-7099,-0.1000342684680219,-0.1966109496744202,0.5251314724137179,-0.2284862542712744
soc_code_51-8013,-0.0001101833645008,0.2833978214229908,-0.200973683406848,-0.0823139546516421
soc_code_51-8021,-0.1002963135621741,0.0887920060218119,0.0261862906484511,-0.0146819831080851
soc_code_51-8031,-0.3090494362808947,-0.0823453391654119,0.1141704109178051,0.2772243645285007
soc_code_51-8091,-0.0106505463467909,-0.4867581389439299,0.7195320298419218,-0.2221233445512011
soc_code_51-8099,-0.4527812984034011,-0.1467165578676522,0.1574597910196416,0.4420380652514112
soc_code_51-9011,-0.1922740401619151,0.0360627386069096,0.385027594551995,-0.2288162929969899
soc_code_51-9012,-0.4560047089508747,0.0556586798393016,0.157635342925068,0.2427106861865051
soc_code_51-9021,-0.6640491941701668,-0.1648016208968653,0.2539817387798994,0.5748690762871326
soc_code_51-9023,-2.240464532338026,0.4767939724221803,1.141255523321507,0.622415036594342
soc_code_51-9032,-0.4041679044080738,0.1466283296122548,0.2337115607400907,0.0238280140557274
soc_code_51-9041,-1.9738964367968483,0.7249907601750166,0.940930255431536,0.3079754211902967
soc_code_51-9051,-0.588448329941274,0.1926929455118987,0.3243105385223377,0.0714448459070398
soc_code_51-9061,-2.8306171953682044,0.909283625467097,1.0431288143298996,0.8782047555712111
soc_code_51-9071,-0.0633386878528696,0.5266276466320605,-0.4656627683219025,0.0023738095427111
soc_code_51-9081,-1.0958395695662458e-08,-0.1993134673632976,0.3851734084054561,-0.1858599300837628
soc_code_51-9082,-8.855902642194566e-06,-0.1542809112703546,-0.1443836494674649,0.2986734166404617
soc_code_51-9083,-0.0664977861527853,-0.2359903804412239,0.8156291844689276,-0.5131410178749186
soc_code_51-9111,-1.7298592321805852,0.6696208538341383,0.687628026281522,0.3726103520649553
soc_code_51-9123,-1.344070726885213,0.5004366681608873,0.4789841694929999,0.3646498892313318
soc_code_51-9124,-0.3445215830573971,0.0776866546420927,-0.0079987209746003,0.2748336493899024
soc_code_51-9151,-0.000144854557924,-0.1660437670541025,0.2907069639837228,-0.1245183423716963
soc_code_51-9161,-3.5843607724372104,1.008689715441078,1.401162035936199,1.1745090210599287
soc_code_51-9191,-0.0007509123718977,0.3507713377302138,-0.3295716938448633,-0.0204487315134527
soc_code_51-9192,-8.340511042965009e-08,-0.1511147191397438,0.3140678111419714,-0.1629530085971171
soc_code_51-9194,-2.2101029486002715e-07,0.1422651679007368,0.2576550957462866,-0.3999200426367283
soc_code_51-9195,-0.2166908108286472,-0.1615852321763139,0.524459241068918,-0.1461831980639571
soc_code_51-9196,-0.0056616355512889,-0.1752562033956556,0.5312531509499681,-0.3503353120030227
soc_code_51-9197,7.793607930524841,-2.5248997420627517,-2.1805727087115034,-3.088135479750506
soc_code_51-9198,-2.7198338546036727,0.962889151488432,0.9371922209964024,0.8197524821188286
soc_code_51-9199,1.1006312095576136,-0.3371432063938942,-0.2299736176318096,-0.5335143855321528
soc_code_53-1042,-0.8628625163579947,0.1036952961413858,0.2864143705896045,0.4727528496270116
soc_code_53-1043,-0.0416956207818487,-0.2142843228748772,0.1879268618686232,0.0680530817881028
soc_code_53-1049,-0.863496207397031,0.0197860057256406,0.3467626250306609,0.4969475766407096
soc_code_53-2011,-0.0030445066446624,0.6019625639984074,-0.7433052477219867,0.1443871903682405
soc_code_53-2012,-0.0251555688295385,1.097966258788779,-1.622269539471021,0.5494588495117807
soc_code_53-2021,-8.658337337406126e-06,0.2226374914218221,-0.3079107529628891,0.0852819198784043
soc_code_53-2031,-0.3862128077112793,1.5615224681263966,-1.793589588171763,0.6182799277565666
soc_code_53-3011,-0.0429922993821114,0.0474797802228763,0.1363796222562747,-0.1408671030970395
soc_code_53-3031,5.923984226352875,-1.5712631679764242,-1.9517660133755188,-2.4009550450006603
soc_code_53-3032,3.518160900603901,-0.8230761131806985,-1.2390046256886382,-1.4560801617332946
soc_code_53-3033,4.060192544931075,-1.1564688183122909,-1.219174416118332,-1.684549310500947
soc_code_53-3051,4.328184177002447,-1.2039323180190808,-1.3644122914867745,-1.7598395674967025
soc_code_53-3052,4.522550800570955,-1.2136969105553317,-1.5237333344174064,-1.7851205555982408
soc_code_53-3053,-0.3354009358315033,0.2495295938406747,0.0406022673004837,0.0452690746903443
soc_code_53-3054,-0.0063579812354121,0.7347092637976227,-0.1709648470081463,-0.557386435554064
soc_code_53-4011,-2.7293180299745213e-08,0.0343478622958205,-0.2171978385890557,0.1828500035864153
soc_code_53-4031,-1.4176510126482776e-05,-0.4173110776604671,0.3305079843709876,0.0868172697996061
soc_code_53-4041,-0.1495690687185215,-0.2822816927111524,0.6148963103336476,-0.1830455489039735
soc_code_53-4099,-4.915584782464551e-07,0.4800415484419548,-0.7927294216785785,0.3126883647951031
soc_code_53-5011,-0.0210602085870241,0.4057361444987497,-0.6795874509749484,0.2949115150632233
soc_code_53-5021,-9.88517404790536e-05,0.0994495716276196,-0.1298124965986192,0.0304617767114788
soc_code_53-5031,-7.16951721259869e-12,0.2212280600575843,-0.0149096563703878,-0.2063184036800271
soc_code_53-6011,-4.548389304348134e-09,0.3351147066614138,-0.1531962873261946,-0.1819184147868298
soc_code_53-6021,-0.1814407602844756,0.2965676113004019,0.101652136787832,-0.216778987803756
soc_code_53-6031,-0.0006228385291456,-0.2809338238030124,0.6712123303169483,-0.3896556679847901
soc_code_53-6032,-5.163331122842819e-05,0.1857219196590505,0.1124589681712556,-0.2981292545190772
soc_code_53-6041,-7.212404106464296e-06,0.2349546770368548,-0.1271018526064048,-0.1078456120263434
soc_code_53-6051,-0.2950217542114744,0.0385172945155252,0.8257924773197918,-0.5692880176238426
soc_code_53-6061,-0.45989248448673,0.3123709122448188,0.552143547131887,-0.404621974889972
soc_code_53-6099,-1.1180830148684308e-05,0.0907742241814772,-0.2307460723648353,0.1399830290135068
soc_code_53-7011,-3.2301651499560275e-05,0.5273884974323605,-0.2697795216436396,-0.2575766741372213
soc_code_53-7021,7.55136335123535,-2.597342333591619,-2.4010215979127456,-2.5529994197311208
soc_code_53-7051,3.2725445273178875,-0.944086135164203,-1.261829806128656,-1.0666285860251423
soc_code_53-7061,-1.0002951552898298,0.6459177068830358,0.0864494932938932,0.2679279551129264
soc_code_53-7062,-1.0614118094389602,0.4993745543078277,0.4140463509329825,0.1479909041893121
soc_code_53-7063,-0.2187855667558982,0.0403537082144597,0.0762582241633267,0.1021736343781124
soc_code_53-7064,-1.8615252456053863,0.6802852904645162,0.7710271339440214,0.4102128211968214
soc_code_53-7065,1.699529078155567,-0.712380209503601,-0.0668940003482376,-0.9202548683146068
soc_code_53-7072,-0.1762188429997071,-0.4350543240871509,1.0334395198113346,-0.4221663527244768
soc_code_53-7081,1.363310224694565,-0.2746114927205658,-0.431761550599666,-0.6569371813739467
soc_code_53-7199,-0.6060661095032641,0.2452434712261594,0.1288508512524329,0.2319717870246706
soc_code_Unknown,1.9408511821144243,-0.6088106042066889,-0.6078981272594849,-0.7241424506448682
type_of_incident_1,0.8653377808413266,-0.5909923726520145,0.3218696852337368,-0.5962150934261873
type_of_incident_2,-3.082561948953419,0.9155641054878711,0.9437440707499132,1.223253772715602
type_of_incident_3,3.269362846025441,0.947952759991205,-2.222884472322073,-1.994431133692732
type_of_incident_4,-1.6958525240702862,0.1657899220573789,0.8290080845000074,0.7010545175129116
type_of_incident_5,-2.669909120413939,-0.0625547569679764,0.8588345087105956,1.8736293686711212
type_of_incident_6,3.3136224826873457,-1.3757594968701088,-0.7305717156784957,-1.2072912701400509
time_unknown_0,0.0252182748271524,0.0103703826246048,0.0062249034222689,-0.0418135608386778
time_unknown_1,1.4312817476294817,-0.4182563029775628,-0.5069188180365658,-0.5061066266096352
time_unknown_Unknown,-1.4565005063163825,0.4078860814135139,0.5006940758299631,0.5479203490729406
time_started_work_hour_0,3.2133863108608303,-1.167705834773164,-1.0969416073667295,-0.9487388687228476
time_started_work_hour_1,-2.3513147348443693,1.0225889052559365,0.7858814014178368,0.5428444281705418
time_started_work_hour_10,2.134876873158331,-0.7128233343100294,-0.7314102052011147,-0.6906433336468709
time_started_work_hour_11,-2.1310094055572644,0.7185407227802398,0.7036365968493272,0.7088320859276288
time_started_work_hour_12,-2.175488111105786,0.7189964406049922,0.7970487477321033,0.659442922768642
time_started_work_hour_13,1.53165073554008,-0.5166798146307451,-0.5667368328992454,-0.4482340880101773
time_started_work_hour_14,4.2571952785451765,-1.4379040036155442,-1.4330075069380652,-1.3862837679924194
time_started_work_hour_15,-3.8573359501739697,1.3231457081230955,1.273187277853312,1.2610029641978402
time_started_work_hour_16,-3.331431973764573,1.212285222940518,1.0103110810518008,1.1088356697722572
time_started_work_hour_17,3.736851727824927,-1.1584865770797828,-1.230024321740828,-1.3483408290038228
time_started_work_hour_18,2.635416961132881,-0.9733742163348216,-0.7538313557322417,-0.908211389065578
time_started_work_hour_19,3.18805213112173,-1.0979602887367863,-1.0961100946140383,-0.9939817477715835
time_started_work_hour_2,-3.297719304935414,1.064830816162691,1.178723121108722,1.0541653676640403
time_started_work_hour_20,-2.5981640499648044,0.8607047450062957,0.8182282695816732,0.9192310353768552
time_started_work_hour_21,0.3734679507657335,-0.1588835035859444,-0.2024086858961572,-0.0121757612836282
time_started_work_hour_22,-3.800327750492297,1.381277181383702,1.1639164365072965,1.2551341326014038
time_started_work_hour_23,-0.0813207598679025,0.0402922208633792,0.0406195703367799,0.0004089686676165
time_started_work_hour_3,-3.683205213700567,1.203181239832423,1.2428729501923212,1.2371510236759782
time_started_work_hour_4,2.0518988319103824,-0.6533513887002831,-0.7356982038092309,-0.6628492393996009
time_started_work_hour_5,-5.10264335304595,1.6613402596756677,1.7537777717276604,1.687525321641914
time_started_work_hour_6,1.0754465148786878,-0.4010386233923145,-0.3336822469935909,-0.3407256444932428
time_started_work_hour_7,1.62407507000268,-0.6071921712991105,-0.4753615170011981,-0.5415213817010834
time_started_work_hour_8,1.835695194985098,-0.6345499945937466,-0.6012565034769668,-0.5998886969144088
time_started_work_hour_9,2.3898693173024754,-0.836219517433847,-0.7684860529725778,-0.7851637468964576
time_started_work_hour_Unknown,2.362077225533928,-0.8510140331044097,-0.7432479284854481,-0.7678152639349674
time_of_incident_hour_0,2.525456345387952,-0.8567652750749049,-0.8170924920973722,-0.8515985782162782
time_of_incident_hour_1,0.16707758509872,-0.0101190271060884,-0.0517462747380537,-0.1052122832545054
time_of_incident_hour_10,1.4961159467454226,-0.5629403829035892,-0.464805548132981,-0.4683700157104791
time_of_incident_hour_11,-0.3838147532580676,0.0832330828963596,0.1429287888046427,0.1576528815571858
time_of_incident_hour_12,-0.6283374006549012,0.1921946628131793,0.2180586357409729,0.2180841020996582
time_of_incident_hour_13,0.1859914853368977,-0.0754748238262408,-0.0570878651614332,-0.0534287963483977
time_of_incident_hour_14,1.0393724521673886,-0.387035044396373,-0.3214710915966295,-0.3308663161737561
time_of_incident_hour_15,1.2532379089436618,-0.459480050783039,-0.3782716925700471,-0.4154861655909604
time_of_incident_hour_16,-0.3311053684618201,0.0908771694861623,0.0951557633555083,0.1450724356203979
time_of_incident_hour_17,-4.531710586927983,1.488831289205608,1.5163727304720154,1.526506567250135
time_of_incident_hour_18,1.75380694019922,-0.5756490279087049,-0.5964849598176948,-0.5816729524722501
time_of_incident_hour_19,0.6609763396169072,-0.171676393779788,-0.2588594795660278,-0.2304404662702736
time_of_incident_hour_2,-3.2774549958260213,1.073777657090585,1.1524322524889667,1.0512450862465774
time_of_incident_hour_20,-3.843993091291604,1.3144350760975132,1.2482206231465622,1.2813373920474556
time_of_incident_hour_21,-3.834302454669922,1.3174529411664788,1.248564004177109,1.2682855093261964
time_of_incident_hour_22,-0.4548977748306295,0.1671477322173367,0.1248154373987309,0.1629346052147306
time_of_incident_hour_23,3.420105056264311,-1.1091276874006983,-1.0927235257358234,-1.2182538431271943
time_of_incident_hour_3,-3.648498897191737,1.2322063197715554,1.1702065062716889,1.2460860711484787
time_of_incident_hour_4,3.797851579834105,-1.193396840730766,-1.2933476967044657,-1.3111070423985804
time_of_incident_hour_5,1.2929261570179598,-0.4182627316600081,-0.4481535097411243,-0.4265099156164798
time_of_incident_hour_6,3.075070072832064,-0.9804140587782628,-1.0291505967392849,-1.0655054173150955
time_of_incident_hour_7,0.3048345899819695,-0.0747472178401349,-0.0878224319909835,-0.1422649401508027
time_of_incident_hour_8,1.4849084016446394,-0.5202319818483844,-0.4545671513885709,-0.5101092684083998
time_of_incident_hour_9,-0.4183013269633402,0.0849895190807123,0.1673077440038127,0.1660040638786394
time_of_incident_hour_Unknown,-1.1053146948774863,0.3501752552464988,0.2675219913479685,0.4876174482864749
